MORTALITY,INFANT_DEATH,ALCOHOL,EXPENDITURE_PERCENT,HEPATITUS_B,MEASLES,BMI,UNDER_FIVE_DEATH,POLIIO,EXPENDITURE_TOTAL,DIPHTHERIA,HIV_AIDS,GDP,THIN_1TO19_YR,THIN_5TO9_YR,INC_COMPOSITION,SCHOOLING
682.0,23.0,5.76,36.2929176,,0.0,44.2,58.0,66.0,8.9,66.0,1.9,662.2795182,4.0,4.0,0.47,8.6
533.0,29.0,3.97,20.39568283,,3575.0,17.2,48.0,46.0,13.63,44.0,1.2,139.3147734,1.3,1.4,0.292,6.7
519.0,30.0,4.21,33.34691455,,649.0,17.5,48.0,38.0,11.83,38.0,1.5,227.779471,1.1,1.2,0.302,7.0
57.0,30.0,4.07,38.61473209,,586.0,18.4,47.0,66.0,11.69,73.0,1.9,263.7618312,9.7,9.8,0.322,7.4
496.0,30.0,3.99,38.52454761,,7.0,18.8,47.0,69.0,11.66,65.0,2.1,263.145817,9.5,9.5,0.332,7.6
588.0,51.0,1.18,13.76270195,,304.0,14.1,84.0,73.0,6.7,75.0,25.5,153.2594872,8.0,7.9,0.391,10.7
48.0,30.0,3.83,42.08892911,,29.0,19.2,47.0,67.0,12.25,65.0,2.2,287.6891942,9.3,9.3,0.341,7.8
599.0,48.0,1.15,12.79760626,,150.0,14.4,80.0,86.0,5.7,9.0,25.1,146.7615397,7.9,7.7,0.387,10.1
614.0,44.0,2.62,45.61688038,,30930.0,16.8,72.0,85.0,7.16,85.0,18.7,341.955625,7.5,7.5,0.418,9.6
67.0,46.0,1.1,3.885394742,64.0,92.0,14.8,75.0,79.0,4.82,64.0,24.7,29.9798977,7.7,7.6,0.388,10.4
593.5,28.5,4.08,19.00037894,68.0,32.0,23.4,44.0,66.0,4.405,64.5,17.900000000000002,388.340061,9.25,9.25,0.37749999999999995,8.6
695.0,15.5,3.3649999999999998,28.95184876,47.0,499.0,27.049999999999997,23.5,47.5,6.41,78.5,35.75,658.1487334999999,9.55,9.55,0.4275,10.1
647.0,38.0,2.61,19.974333141333332,74.5,5861.333333333333,19.933333333333334,61.0,80.0,6.45,79.0,24.366666666666664,283.0639636,8.0,7.966666666666666,0.39733333333333337,9.8
369.5,15.0,3.1149999999999998,33.95680909,39.5,167.5,26.6,23.5,81.0,6.745,40.0,37.2,419.4314668,5.449999999999999,5.5,0.433,10.35
615.0,40.0,1.11,58.13583343,89.0,1116.0,15.5,65.0,94.0,7.82,89.0,23.4,274.2256294,7.5,7.4,0.366,10.0
405.2,32.6,2.1740000000000004,26.6688595762,76.66666666666667,707.6,16.8,52.0,62.4,4.324,67.4,16.46,481.33688564000005,4.48,4.46,0.3206,7.44
7.0,28.0,4.57,34.26216876,68.0,212.0,27.9,45.0,71.0,5.12,7.0,26.8,414.796232,8.6,8.6,0.408,9.5
358.5,23.0,2.215,29.6721912555,17.0,12518.5,21.85,36.5,47.0,7.029999999999999,46.5,26.099999999999998,220.3857615,4.3,4.2,0.4365,10.25
60.333333333333336,12.333333333333334,2.9233333333333333,34.22863077,93.0,1258.3333333333333,20.466666666666665,18.0,44.666666666666664,4.663333333333333,44.666666666666664,25.866666666666664,1008.8535162,3.4333333333333336,3.5,0.37366666666666665,6.7
202.33333333333334,43.666666666666664,1.8566666666666667,39.32574940999999,,3643.6666666666665,17.066666666666666,70.33333333333333,43.333333333333336,4.596666666666667,45.333333333333336,8.966666666666667,375.2143043333333,4.2,4.233333333333333,0.3406666666666667,5.466666666666666
258.5,10.0,3.575,21.870602117,9.0,410.5,22.65,15.0,67.0,5.0,69.5,30.9,175.05471805,8.95,9.05,0.406,7.5
308.4,16.8,3.144,82.9899242344,88.75,976.2,23.36,26.8,79.0,6.562,78.2,32.78,809.74994348,7.720000000000001,7.74,0.43400000000000005,9.26
537.0,16.5,3.3,7.2819668175,43.0,23.0,15.5,25.0,81.0,4.880000000000001,82.5,15.95,482.4043174,8.55,8.5,0.40349999999999997,9.45
56.0,17.0,1.54,46.90117916,,3.0,18.6,26.0,47.0,3.99,51.0,10.0,347.673678,9.6,9.6,0.323,6.0
491.5,12.25,4.077500000000001,124.9334499125,48.5,244.25,25.450000000000003,19.25,88.0,6.225,87.0,33.125,1491.42703035,4.85,4.8500000000000005,0.4895,10.4
391.0,96.0,2.82,24.037942,,11945.0,16.3,157.0,37.0,3.63,41.0,2.3,711.181716,1.5,1.5,0.401,5.5
310.5,72.5,7.175000000000001,26.204520340000002,72.0,21398.0,20.6,118.5,64.0,5.619999999999999,62.5,17.65,327.3159533,7.6,7.6,0.398,9.7
679.0,2.0,5.48,306.9527349,87.0,1.0,3.5,4.0,97.0,5.73,97.0,37.2,3128.97793,11.8,11.8,0.56,11.8
441.5,56.0,2.495,47.99116971,,622.5,17.9,90.5,25.0,4.405,26.0,5.7,588.3084114999999,5.4,5.3500000000000005,0.368,6.050000000000001
403.8,147.8,4.926,46.330489129,89.66666666666667,42458.6,19.56,240.4,60.4,6.956,60.0,15.8,530.18261648,8.059999999999999,8.040000000000001,0.3346,8.280000000000001
215.0,333.0,7.3100000000000005,57.011218084999996,,84182.5,17.5,542.0,37.5,3.675,32.5,3.8499999999999996,897.8957978000001,7.55,12.0,0.213,7.4
260.5,29.0,0.885,44.43419572,,1779.0,16.65,49.5,24.5,5.29,40.5,6.45,311.54660920000003,10.4,10.3,0.169,5.5
360.5,210.25,7.2875,17.3002236025,48.0,24299.25,12.925,337.75,25.75,4.675,44.5,6.375,318.95237856666665,9.55,9.525,0.2783333333333333,8.566666666666668
571.2,16.0,3.932,163.67961801,67.0,1735.8,26.439999999999998,23.0,71.2,6.536,83.2,29.6,1914.82580175,9.24,9.22,0.48775,10.65
519.5,51.5,2.955,4.1849257645,,2882.0,18.7,77.0,75.0,6.665,74.0,12.350000000000001,53.2772217,7.65,7.6,0.456,10.5
330.0,45.333333333333336,2.493333333333333,21.155179896666667,63.0,10082.0,11.633333333333333,71.66666666666667,49.333333333333336,7.836666666666667,46.666666666666664,4.3999999999999995,223.6275931,9.566666666666668,6.566666666666666,0.303,6.050000000000001
324.6,132.4,3.772,101.9217186738,86.66666666666667,30126.2,22.080000000000002,214.0,67.2,6.322,63.8,8.2,1111.1327479400002,8.38,8.319999999999999,0.3386,8.64
493.0,60.333333333333336,4.33,68.55492442333333,71.66666666666667,1493.3333333333333,22.96666666666667,91.66666666666667,75.33333333333333,4.526666666666667,71.66666666666667,9.866666666666667,1602.2578585,8.233333333333333,8.233333333333333,0.4375,8.7
426.0,34.0,7.13,18.41791804,,2095.0,13.2,57.0,9.0,4.22,9.0,8.5,216.172747,7.6,7.7,0.318,6.6
289.5,23.5,3.805,14.598038357499998,83.0,7905.5,20.35,40.5,61.5,5.375,53.5,25.75,965.0240682,5.65,5.7,0.4,7.4
266.25,172.25,2.9225,49.137960507749995,87.0,10895.5,16.55,281.0,52.75,5.67,36.25,8.75,461.974984175,5.824999999999999,5.75,0.359,7.324999999999999
312.3333333333333,31.666666666666668,2.5666666666666664,16.591962577999997,42.0,303.0,16.3,52.666666666666664,52.666666666666664,3.956666666666667,48.0,6.866666666666667,179.25787753333336,6.0,6.0,0.3276666666666667,6.366666666666667
418.5,73.5,5.09,124.9550979,72.5,190.0,20.700000000000003,111.5,76.0,4.615,72.5,4.35,3868.578883,8.35,8.25,0.468,8.1
523.0,112.0,10.42,2.690897842,29.0,49871.0,13.6,181.0,57.0,7.78,57.0,10.0,24.2423229,6.8,6.8,0.404,11.0
228.0,28.5,3.78,27.33295875,89.0,932.5,22.2,44.0,88.0,11.98,89.0,2.0,445.525,8.1,8.0,0.196,4.45
43.0,93.0,1.14,47.17250718,,7375.0,16.5,136.0,69.0,6.16,7.0,12.2,277.6486591,4.2,4.1,0.291,5.4
369.0,81.0,7.01,212.9229325,61.0,2807.0,19.8,127.0,63.0,4.37,6.0,2.5,3347.84485,9.3,9.2,0.48,8.5
302.3333333333333,229.0,5.090000000000001,16.633281585666666,31.5,41859.333333333336,12.5,366.0,51.666666666666664,3.5500000000000003,53.333333333333336,8.266666666666667,267.1686616,10.066666666666666,10.033333333333333,0.4075,7.75
548.5,19.5,2.715,75.87274782,82.0,352.5,21.65,31.0,83.0,7.24,82.5,23.4,583.068802,9.3,9.3,0.456,10.149999999999999
470.6666666666667,37.333333333333336,1.9400000000000002,36.759132244,84.0,150.66666666666666,22.633333333333336,58.333333333333336,67.66666666666667,6.340000000000001,65.33333333333333,9.633333333333333,502.4104075,5.2,5.1000000000000005,0.3795,8.25
48.0,90.0,2.09,37.82511936,25.0,7085.0,16.9,132.0,72.0,5.64,73.0,13.4,256.4414872,4.1,4.0,0.298,5.8
296.5,66.0,4.113333333333333,60.186430734999995,47.0,3275.0,11.733333333333333,105.75,49.666666666666664,3.1966666666666668,61.0,5.675,2229.6536054999997,9.033333333333333,8.933333333333332,0.2753333333333334,5.0
411.0,25.0,0.01,54.56033696,91.0,678.0,22.7,35.0,91.0,11.24,91.0,0.9,561.8984239,7.9,7.8,0.401,9.1
323.0,178.0,3.4875,33.41457772,50.0,2529.0,13.875,285.25,55.5,5.0325,42.5,7.025,286.578249725,9.1,6.825,0.35724999999999996,6.6
447.0,38.5,1.295,26.188833005,49.5,300.5,22.4,55.0,49.0,5.085,49.5,5.199999999999999,337.4849614,7.65,7.6,0.37,7.1
297.8,28.0,3.154,28.373527741599997,85.33333333333333,4466.8,21.82,50.6,67.8,5.0,64.0,16.080000000000002,215.62105379999997,8.5,8.52,0.3906,8.620000000000001
337.57142857142856,64.0,5.176666666666667,44.268563271,71.8,9769.142857142857,18.071428571428573,101.57142857142857,67.71428571428571,5.763333333333333,70.85714285714286,5.514285714285714,943.6328993666666,7.985714285714286,6.542857142857143,0.27699999999999997,7.349999999999999
408.6666666666667,40.333333333333336,3.606666666666666,63.60972419666667,85.0,6422.666666666667,23.599999999999998,63.0,54.333333333333336,3.065,58.0,5.533333333333332,828.9395020000001,7.833333333333333,7.666666666666667,0.49350000000000005,11.15
312.2,97.2,0.6239999999999999,23.488203474,57.0,2952.4,16.840000000000003,157.0,47.8,5.035,36.8,5.72,435.1067163,6.840000000000001,6.74,0.25525,5.85
405.3333333333333,118.33333333333333,5.986666666666667,15.741756123333332,62.0,2807.6666666666665,14.033333333333331,178.66666666666666,57.333333333333336,5.1033333333333335,49.0,5.566666666666666,210.98985894999998,9.266666666666667,9.233333333333334,0.34750000000000003,8.05
384.0,37.75,2.9599999999999995,108.82853085274999,9.0,11553.5,15.366666666666665,68.25,63.0,6.406666666666666,63.0,13.325000000000001,1029.5604016666668,8.766666666666666,8.866666666666667,0.302,5.1
311.75,49.75,2.8687500000000004,9.504100274250002,91.0,3670.75,12.7375,77.375,61.0,4.6433333333333335,61.125,5.875,238.50650905,7.612499999999999,7.5625,0.37650000000000006,7.975
290.8,146.4,3.756000000000001,35.529164944,48.0,2863.2,18.8,236.4,50.8,4.470000000000001,55.2,4.08,548.909949325,7.5,7.359999999999999,0.32725000000000004,7.05
444.3333333333333,43.0,5.9433333333333325,217.93605876666666,72.66666666666667,4110.666666666667,27.0,62.333333333333336,74.0,5.116666666666666,74.0,8.633333333333335,2915.282986,5.2,8.066666666666668,0.56,11.65
271.0,111.0,2.3866666666666667,41.82117464,4.0,3030.3333333333335,18.5,168.66666666666666,42.0,3.546666666666667,26.666666666666668,4.566666666666667,899.1707566499999,9.466666666666667,9.433333333333332,0.4165,7.699999999999999
334.5,45.333333333333336,2.6900000000000004,3.878608249333334,,6598.0,13.180000000000001,71.16666666666667,44.0,5.115,49.8,8.0,95.505111625,8.620000000000001,8.559999999999999,0.3018,6.04
260.6666666666667,134.0,4.542,28.847733367833328,79.0,2509.1666666666665,19.34,210.83333333333334,78.2,5.158,76.8,5.566666666666666,977.2599767000002,6.7,6.720000000000001,0.29225,5.574999999999999
335.75,63.375,1.5262499999999999,54.538079129875,86.25,10820.375,21.0375,99.125,43.5,5.200000000000001,68.25,7.925000000000001,542.2552403857143,7.15,7.0625,0.35814285714285715,8.028571428571428
415.75,49.75,1.15,61.1646811375,47.666666666666664,110.25,15.4,79.25,67.75,6.406666666666666,46.25,5.725,1133.823885,7.5,7.35,0.433,9.15
279.6666666666667,192.0,4.763333333333333,127.79952323333333,50.0,6354.333333333333,17.599999999999998,296.3333333333333,74.0,7.096666666666667,50.666666666666664,5.866666666666667,1940.1633150000002,7.866666666666667,4.733333333333333,0.4845,10.3
391.6,54.0,2.8125,29.224341676,48.666666666666664,2014.2,20.78,86.2,60.6,5.423333333333333,70.0,7.08,1304.360192175,6.540000000000001,6.380000000000001,0.35425,8.375
308.0,61.166666666666664,0.9349999999999999,4.028138580166667,47.0,3557.3333333333335,17.339999999999996,97.16666666666667,51.4,4.192500000000001,36.6,3.8333333333333335,150.08076838000002,4.680000000000001,4.66,0.21133333333333335,4.666666666666667
339.4,22.8,3.052,16.19931095,54.0,925.2,16.66,37.0,65.4,5.2,51.4,12.440000000000001,175.13332245,7.82,7.699999999999998,0.43360000000000004,8.78
376.3333333333333,172.33333333333334,5.1,73.22437960333333,42.0,2866.3333333333335,20.533333333333335,268.6666666666667,38.333333333333336,2.823333333333333,35.666666666666664,4.633333333333334,1463.9913485,4.266666666666667,4.066666666666666,0.3313333333333333,6.466666666666666
142.8,82.0,1.966,30.961365502,76.0,4616.2,20.560000000000002,123.0,54.0,5.1579999999999995,50.2,3.5400000000000005,571.0086216,7.0600000000000005,7.0,0.263,6.966666666666666
373.5,33.75,0.9149999999999999,12.98175200425,93.0,46399.5,17.3,60.5,54.5,3.5,55.5,6.525,338.08183426666665,9.575,9.45,0.379,7.15
303.0,31.0,1.2,15.389892042,60.0,439.6666666666667,18.7,47.666666666666664,61.666666666666664,4.510000000000001,42.0,7.633333333333333,327.2891178666667,8.999999999999998,8.9,0.27566666666666667,7.8
362.1666666666667,45.666666666666664,2.29,32.96399253333333,27.5,5233.333333333333,20.339999999999996,72.16666666666667,56.4,4.32,34.6,3.383333333333333,1530.5640705,6.279999999999999,6.14,0.307,5.1000000000000005
328.8,183.0,4.6240000000000006,50.070173927,61.666666666666664,11984.4,14.780000000000001,284.6,47.8,5.061999999999999,45.0,7.3199999999999985,869.3109254,6.479999999999999,6.359999999999999,0.421,8.760000000000002
360.5,49.25,3.4266666666666663,3.0319317627499998,82.0,752.75,20.925,78.5,78.5,5.003333333333334,75.75,3.5749999999999997,32.3937377,5.8,7.95,0.26466666666666666,6.133333333333333
383.0,25.0,6.145,16.841551404,88.0,193.0,14.5,39.5,85.5,8.04,88.0,6.0,126.24288905,7.55,7.7,0.3285,6.8999999999999995
231.66666666666666,80.0,3.3433333333333333,82.77247208666667,,16161.333333333334,18.400000000000002,114.0,55.0,3.75,51.333333333333336,3.3333333333333335,1552.2424822,7.5,7.366666666666667,0.271,7.949999999999999
324.4,126.6,2.7325,77.58456260839999,75.75,1460.2,24.2,199.0,74.25,5.8100000000000005,74.25,7.720000000000001,1173.8567484,5.75,7.949999999999999,0.36760000000000004,6.959999999999999
419.6666666666667,38.0,3.535,208.59850814733332,84.5,1004.3333333333334,30.3,67.66666666666667,42.666666666666664,7.54,70.66666666666667,13.533333333333333,1687.5765136666669,10.0,10.700000000000001,0.4613333333333333,9.033333333333333
278.6666666666667,42.666666666666664,5.666666666666667,352.95090825333335,76.5,231.0,21.733333333333334,63.0,65.0,5.1433333333333335,63.333333333333336,14.799999999999999,3151.887713666667,5.5,6.2,0.515,10.166666666666666
37.0,5.0,3.1,22.09757984,,0.0,2.1,8.0,73.0,5.72,68.0,5.4,424.9534585,9.2,9.0,0.0,8.0
329.6666666666667,68.44444444444444,2.888888888888889,150.29884025777775,78.33333333333333,1367.888888888889,23.0,103.33333333333333,60.55555555555556,6.83,60.888888888888886,11.0,1361.180182375,7.400000000000001,8.88888888888889,0.415375,8.987499999999999
319.6,27.6,3.282,23.825957218000003,88.33333333333333,905.0,17.98,42.2,61.4,6.4959999999999996,74.0,7.459999999999999,470.78844330000004,6.6800000000000015,6.58,0.4516,8.760000000000002
350.0,53.5,2.955,34.3536522,63.0,1834.0,24.1,84.0,64.5,5.18,63.0,3.75,640.5337757,6.6,6.55,0.466,8.8
228.5,80.16666666666667,1.528,28.792606445,50.75,32190.666666666668,15.34,121.5,59.8,5.6275,57.6,3.4,630.6977157399999,6.5200000000000005,8.1,0.268,5.075
186.5,4.0,5.205,16.79995823,,0.0,2.45,6.0,39.5,3.75,55.0,5.25,302.28894,9.350000000000001,9.3,0.4755,8.5
379.5,170.5,4.33,212.22800241500002,71.66666666666667,5059.75,26.299999999999997,269.25,67.0,6.546666666666667,66.25,10.024999999999999,3013.0072299999997,9.649999999999999,10.075,0.47433333333333333,8.866666666666667
342.0,14.0,1.025,2.039109572,,2705.5,16.85,22.0,57.0,4.32,34.5,5.199999999999999,26.51637935,9.3,9.2,0.4255,9.350000000000001
379.0,16.25,1.7574999999999998,93.59390862975002,,190.25,20.275,24.75,67.5,4.7475,67.75,9.299999999999999,845.4877845,10.2,10.15,0.44025,9.474999999999998
320.8333333333333,39.166666666666664,4.2266666666666675,162.50343014366666,67.6,1162.8333333333333,18.23333333333333,56.666666666666664,69.5,4.64,51.166666666666664,6.066666666666666,3154.816661666667,6.583333333333333,6.55,0.4498333333333333,8.666666666666666
329.75,47.5,5.965,116.27776842200001,76.66666666666667,1710.0,26.174999999999997,72.0,58.25,7.6674999999999995,58.75,13.400000000000002,1011.1948286499999,9.075,9.675,0.4845,10.9
289.0,96.92307692307692,3.133636363636364,178.061142933,62.25,7618.692307692308,15.266666666666667,151.76923076923077,57.583333333333336,5.41,56.083333333333336,5.992307692307692,2447.877187463637,8.899999999999999,8.825000000000001,0.3943,7.63
477.0,3.0,4.89,457.7200522,,4.0,27.9,4.0,86.0,7.32,86.0,22.1,3573.146387,13.1,13.1,0.565,11.6
276.0,53.0,0.1,35.80929749,,282.0,16.1,106.0,57.0,6.94,57.0,1.4,292.55962,11.4,11.3,0.293,3.8
216.0909090909091,42.27272727272727,3.583636363636364,107.67796187600001,75.66666666666667,1034.090909090909,20.981818181818184,63.72727272727273,77.27272727272727,6.882727272727274,65.63636363636364,6.681818181818182,935.30728918,7.036363636363637,6.336363636363637,0.426090909090909,9.009090909090908
324.0,18.333333333333332,4.84,581.0201463933333,,1978.6666666666667,19.85,28.333333333333332,66.33333333333333,3.325,60.333333333333336,4.066666666666667,7764.515094733334,9.5,9.45,0.47,6.8
200.0,56.0,3.8366666666666664,51.15955530833333,73.5,3244.3333333333335,17.86666666666667,90.33333333333333,52.666666666666664,7.063333333333333,74.33333333333333,4.033333333333334,370.0911979333334,8.333333333333334,8.233333333333333,0.399,7.566666666666666
317.0,28.0,2.555,40.5886774275,48.5,527.0,21.674999999999997,43.75,53.5,4.4825,72.75,3.9,648.644171125,8.225,8.174999999999999,0.41175000000000006,8.3
235.0,57.6,3.614,95.741190997,47.0,11419.8,20.86,81.0,60.2,5.106,59.6,10.139999999999999,1278.447105,9.98,8.120000000000001,0.5215,10.625
285.0,25.0,1.35,8.931827297,73.0,217.0,19.7,40.0,75.0,4.63,73.0,2.1,519.2922847,9.1,9.0,0.416,7.7
248.66666666666666,22.333333333333332,1.1866666666666668,23.078024686333332,88.0,317.6666666666667,21.666666666666668,34.666666666666664,80.33333333333333,4.5,58.333333333333336,3.9,649.206466,5.0,4.966666666666667,0.4386666666666667,9.166666666666666
335.8888888888889,64.55555555555556,3.2825,93.12372163966667,72.66666666666667,8633.555555555555,11.000000000000002,109.22222222222223,62.888888888888886,5.507777777777778,58.44444444444444,5.033333333333333,1114.457645888889,11.075000000000001,10.1375,0.35500000000000004,6.877777777777777
304.0,24.333333333333332,5.193333333333333,437.07724452,84.0,219.0,13.266666666666666,41.0,75.0,5.056666666666666,69.66666666666667,3.6,6096.566824133333,9.133333333333333,8.966666666666667,0.4523333333333333,7.566666666666666
281.0,44.0,3.964000000000001,316.26567403260003,67.0,1278.2,14.66,64.0,53.6,5.59,67.6,4.4799999999999995,5544.517171500001,10.32,6.739999999999999,0.42450000000000004,8.525
156.75,82.0,4.17,29.994982305,58.75,3469.75,18.7,116.75,74.0,6.02,57.75,4.574999999999999,496.95779865,4.325,4.25,0.4126666666666667,8.766666666666666
248.33333333333334,35.0,0.1,37.307686104333335,73.0,429.3333333333333,23.6,53.666666666666664,46.333333333333336,3.5700000000000003,65.66666666666667,3.3333333333333335,866.9714050000001,7.35,7.300000000000001,0.42733333333333334,7.633333333333333
369.0,26.0,2.886,345.0665144698,62.0,1640.4,16.080000000000002,41.4,79.2,6.882,65.8,11.74,2342.9232678,9.120000000000001,9.44,0.5076,10.319999999999999
356.6666666666667,18.333333333333332,4.085,46.225601653333335,94.5,157.66666666666666,11.200000000000001,28.0,75.0,4.3933333333333335,73.66666666666667,4.933333333333334,1053.7550905,8.15,8.100000000000001,0.42566666666666664,7.233333333333334
301.55555555555554,54.888888888888886,2.506666666666667,203.31551954111112,79.0,373.0,19.200000000000003,76.66666666666667,66.88888888888889,5.1899999999999995,62.111111111111114,4.144444444444444,3172.0330969999995,7.711111111111112,7.666666666666667,0.444375,9.424999999999999
195.4,39.6,1.6279999999999997,57.677257286,74.8,460.0,19.1,62.0,75.4,5.634,64.6,3.3599999999999994,593.91026928,8.34,8.26,0.4128,8.7
363.75,36.25,4.245,148.4329616375,90.0,13954.75,18.575000000000003,56.75,87.0,4.615,86.5,6.6,3133.61246105,8.6,8.325000000000001,0.49766666666666665,9.200000000000001
304.1666666666667,36.0,2.6216666666666666,80.23369742183333,68.25,1177.0,18.533333333333335,55.833333333333336,52.666666666666664,5.54,53.833333333333336,5.866666666666666,1095.37260545,11.066666666666668,11.083333333333334,0.4064,7.8
278.3333333333333,26.666666666666668,1.5999999999999999,17.870632055333335,79.66666666666667,380.6666666666667,20.7,48.333333333333336,79.33333333333333,5.663333333333334,79.66666666666667,2.9333333333333336,370.17492360000006,9.033333333333333,5.8999999999999995,0.385,7.366666666666666
131.0,97.33333333333333,0.9433333333333334,46.46347796333333,66.0,8286.666666666666,18.533333333333335,152.33333333333334,73.0,4.6466666666666665,66.66666666666667,2.8000000000000003,411.4183702333333,9.633333333333335,9.466666666666667,0.4123333333333333,7.333333333333333
317.5,47.0,1.6749999999999998,15.779081555249999,67.375,989.625,12.728571428571428,69.0,51.5,6.601666666666667,64.625,4.3999999999999995,550.3695851142858,12.328571428571427,12.714285714285714,0.44649999999999995,8.5
253.375,44.375,3.595,62.392305974124994,69.75,2516.375,17.2,62.0,60.625,5.2787500000000005,60.75,6.5125,742.9059997285715,7.8375,7.775,0.4775714285714286,9.157142857142857
240.0,54.166666666666664,4.206666666666666,111.77927393533332,83.6,1876.5,17.01666666666667,82.5,64.83333333333333,6.301666666666667,78.66666666666667,4.5,1537.8585029399999,10.383333333333333,10.300000000000002,0.45359999999999995,8.559999999999999
292.42857142857144,26.0,1.6316666666666666,122.68767292157143,66.57142857142857,1970.4285714285713,19.7,38.0,66.28571428571429,6.016666666666667,76.57142857142857,5.0857142857142845,716.2215730428571,6.57142857142857,6.5,0.4524285714285714,9.471428571428573
297.0,10.666666666666666,1.5733333333333333,30.942104285333333,95.0,4105.333333333333,14.533333333333333,14.666666666666666,68.33333333333333,5.403333333333333,69.0,3.1333333333333333,392.45908430000003,9.033333333333333,9.033333333333333,0.39199999999999996,5.966666666666666
281.5,40.5,0.10500000000000001,38.154828605,68.5,167.5,13.0,64.5,68.0,5.705,68.5,1.9000000000000001,632.16216305,8.05,7.949999999999999,0.405,8.25
228.625,53.625,1.4537499999999999,20.486683659875,43.0,24641.5,20.8,76.75,54.125,3.9775,51.0,3.0125000000000006,431.9332343428572,7.687499999999999,7.574999999999999,0.38757142857142857,7.728571428571428
400.0,37.833333333333336,2.692727272727273,124.92600889691666,80.375,5933.416666666667,18.927272727272726,57.75,64.72727272727273,6.098000000000001,59.72727272727273,7.308333333333334,1213.1001758222221,7.072727272727272,7.109090909090909,0.3855,7.860000000000001
271.8888888888889,23.555555555555557,1.3044444444444445,42.052011342,60.166666666666664,365.1111111111111,20.366666666666667,34.888888888888886,58.22222222222222,5.058888888888888,62.44444444444444,1.6666666666666667,457.6059932125,7.311111111111111,7.21111111111111,0.3661111111111111,7.48888888888889
259.6666666666667,24.166666666666668,2.0925,31.488321672666668,54.5,2525.8333333333335,21.849999999999998,40.666666666666664,67.66666666666667,4.67,55.833333333333336,3.483333333333333,1017.45227275,6.983333333333334,6.816666666666666,0.4678333333333333,8.666666666666666
211.6,81.6,1.7375,18.464069046,53.0,14779.6,17.36,113.2,83.6,4.665,53.0,3.04,449.3968475,5.9799999999999995,7.640000000000001,0.4736666666666667,10.0
304.1666666666667,27.166666666666668,1.93,144.291174492,66.8,3494.1666666666665,22.700000000000003,42.666666666666664,56.833333333333336,6.914999999999999,56.666666666666664,3.8166666666666664,1010.17297095,7.55,7.483333333333333,0.44566666666666666,9.166666666666666
235.75,55.25,1.56,14.714340199750001,76.66666666666667,1416.75,15.55,83.75,76.5,5.0875,28.75,2.5,195.44065336666668,10.399999999999999,10.350000000000001,0.2985,6.875
231.375,41.25,2.55125,41.71755192625,64.8,2007.125,19.142857142857142,60.625,49.25,7.204999999999999,63.625,1.9749999999999999,364.80907799999994,8.557142857142857,8.457142857142856,0.40557142857142864,7.671428571428572
232.66666666666666,17.333333333333332,2.483333333333333,41.714816668333334,87.0,1640.5,20.366666666666667,26.166666666666668,58.4,4.876666666666666,57.0,1.5999999999999996,461.620252125,7.183333333333333,7.133333333333333,0.37433333333333335,7.066666666666667
294.5,86.5,0.14750000000000002,22.93350855525,73.5,22699.75,13.7,116.75,74.5,5.52,74.0,1.05,280.0976033,11.425,11.325000000000001,0.2846666666666667,7.466666666666666
288.0,25.625,2.9416666666666664,49.535805806249996,66.16666666666667,1571.75,31.971428571428568,37.375,72.25,5.133333333333334,62.875,3.7374999999999994,883.6029357500001,5.585714285714286,5.742857142857142,0.477875,9.149999999999999
246.8,126.0,4.3149999999999995,51.356248793999995,70.0,2419.4,20.94,200.8,61.4,5.29,73.2,1.92,820.150043075,9.580000000000002,9.420000000000002,0.4244,8.059999999999999
262.8333333333333,21.5,0.9349999999999999,63.96279496066668,80.2,956.6666666666666,19.250000000000004,31.333333333333332,80.5,5.733333333333333,80.5,2.316666666666667,504.0024831666667,6.683333333333333,6.616666666666667,0.36650000000000005,7.833333333333333
287.0,33.857142857142854,3.6485714285714286,249.52828690257144,78.28571428571429,637.7142857142857,27.985714285714288,48.857142857142854,71.0,7.237142857142857,80.57142857142857,4.4714285714285715,2191.0657682857145,9.400000000000002,9.499999999999998,0.5291428571428572,10.714285714285712
258.5,48.7,2.6100000000000003,35.2389989701,49.0,6950.2,22.009999999999998,68.4,63.5,5.859999999999999,56.4,2.1,429.1842428714286,6.6899999999999995,6.63,0.4445555555555556,8.511111111111113
247.71428571428572,27.571428571428573,1.0857142857142859,36.032269952285716,82.4,900.7142857142857,18.883333333333336,43.57142857142857,58.5,4.1414285714285715,70.66666666666667,1.614285714285714,437.21461788333335,7.683333333333334,7.583333333333333,0.38614285714285707,8.042857142857143
267.6,19.6,0.054000000000000006,49.951625844,72.0,684.8,19.020000000000003,27.6,50.4,4.584,49.4,0.32000000000000006,558.05607932,9.7,9.7,0.18580000000000002,9.120000000000001
290.6,24.6,2.3425,42.4462926846,71.5,1655.8,23.299999999999997,36.2,66.2,5.5275,67.2,1.48,337.83956509999996,5.8,5.725,0.3344,8.54
242.27272727272728,23.272727272727273,3.668181818181819,101.20313648081819,75.16666666666667,1240.1818181818182,22.81,34.81818181818182,69.45454545454545,4.993636363636363,64.18181818181819,4.154545454545455,1425.02538239,7.589999999999999,7.4700000000000015,0.49420000000000003,9.450000000000001
240.71428571428572,61.857142857142854,2.9933333333333336,35.76240119085714,56.0,2213.4285714285716,18.071428571428573,86.71428571428571,70.42857142857143,5.056666666666667,69.85714285714286,2.7285714285714286,1266.384510975,7.285714285714286,5.8999999999999995,0.39083333333333337,8.483333333333334
208.85714285714286,39.0,0.556,49.293584556999996,66.57142857142857,9237.857142857143,17.62857142857143,56.0,73.85714285714286,6.962000000000001,75.28571428571429,0.942857142857143,483.57432814285715,9.6,9.457142857142857,0.4634285714285714,9.257142857142856
246.6,22.0,1.35,46.711897056400005,76.0,603.0,22.520000000000003,33.0,73.2,6.0375,73.0,4.4,590.7249687999999,6.82,6.739999999999999,0.4826,9.62
195.0,15.428571428571429,3.1614285714285715,65.17381169271428,58.25,290.7142857142857,16.316666666666666,23.0,61.42857142857143,4.327142857142857,68.57142857142857,2.014285714285714,1213.5269409833334,6.1000000000000005,6.0,0.48542857142857143,9.114285714285714
251.0,16.571428571428573,2.1633333333333336,125.92403768085713,72.33333333333333,202.57142857142858,32.199999999999996,22.857142857142858,78.71428571428571,5.72,72.0,2.5857142857142854,1910.2611751200002,6.871428571428571,6.785714285714286,0.49542857142857144,9.757142857142858
253.33333333333334,36.0,1.1533333333333333,114.09371057333334,87.0,842.0,23.7,52.0,87.66666666666667,4.526666666666666,87.33333333333333,2.0,891.9122832333334,8.133333333333333,7.933333333333333,0.5196666666666667,9.799999999999999
253.33333333333334,8.666666666666666,0.31666666666666665,84.97192020333334,86.66666666666667,3.6666666666666665,24.400000000000002,14.0,87.0,6.033333333333334,86.66666666666667,1.3,731.4603186333333,8.0,7.8999999999999995,0.4426666666666667,7.466666666666666
230.5,23.125,1.7385714285714287,41.932147756875,69.625,338.375,25.557142857142857,36.0,71.375,4.237142857142857,70.375,2.075,627.7098106125001,7.285714285714285,7.128571428571428,0.46024999999999994,8.0375
85.0,35.75,1.2875,5.638455205,55.333333333333336,403.5,19.825000000000003,49.25,72.0,5.5024999999999995,71.25,1.2999999999999998,383.8939265,10.3,10.3,0.4735,9.175
283.5,13.5,4.65,182.2314715875,78.75,404.0,33.8,19.0,82.25,3.6375,82.0,5.225,2835.8943200000003,5.449999999999999,5.325,0.584,11.3
148.0,3.5,3.7675,32.8950677355,77.33333333333333,269.5,19.35,5.0,77.0,5.07,77.75,5.25,357.023901825,11.5,11.549999999999999,0.42925,9.600000000000001
212.44444444444446,46.333333333333336,1.7933333333333332,37.75690981444445,66.125,1349.4444444444443,23.250000000000004,69.44444444444444,69.66666666666667,6.55,67.77777777777777,1.6111111111111114,775.2094774375,6.4875,5.2,0.45525,8.337499999999999
254.66666666666666,38.666666666666664,0.25333333333333335,28.033107613333332,43.666666666666664,2951.6666666666665,25.566666666666666,54.666666666666664,78.33333333333333,4.87,51.333333333333336,0.5333333333333333,1096.1702949,9.5,9.366666666666667,0.5033333333333333,9.6
278.8333333333333,13.333333333333334,1.6591666666666667,109.80207838191667,73.6,267.3333333333333,22.55454545454546,18.833333333333332,77.75,6.080000000000001,79.83333333333333,1.5750000000000002,1078.09840186,7.790909090909091,7.836363636363635,0.43675,8.333333333333334
224.71428571428572,32.0,2.007142857142857,49.13069432842857,60.0,387.0,17.128571428571426,45.714285714285715,69.57142857142857,4.13,63.57142857142857,1.2,672.1629723166668,8.785714285714286,7.500000000000001,0.47557142857142853,8.514285714285714
262.0,10.833333333333334,1.0799999999999998,176.12347725666666,74.16666666666667,2277.0,33.13333333333333,14.666666666666666,81.33333333333333,5.4366666666666665,80.0,1.6499999999999997,2335.1421124999993,7.333333333333333,7.2,0.5115,9.216666666666667
265.1666666666667,22.5,4.254,31.778123881166664,74.0,87.16666666666667,29.016666666666666,31.333333333333332,69.66666666666667,4.102,69.0,2.1666666666666665,1800.84440835,6.633333333333334,6.6000000000000005,0.5116666666666666,9.950000000000001
188.66666666666666,16.666666666666668,4.0,200.46120795000002,80.5,1370.3333333333333,35.6,23.0,59.666666666666664,6.640000000000001,83.33333333333333,3.4,1914.855158333333,3.1333333333333333,3.1,0.5596666666666666,10.933333333333332
217.875,250.875,1.1649999999999998,68.15700521,63.75,6436.75,20.88571428571429,348.5,58.0,5.545,57.375,0.6499999999999999,749.0682800000001,13.914285714285713,14.257142857142856,0.407125,8.3625
241.16666666666666,46.5,2.6149999999999998,38.95102523166667,60.8,1671.0,19.099999999999998,66.5,46.0,5.666666666666667,74.83333333333333,1.05,791.9805762000001,7.133333333333333,7.05,0.5046666666666667,9.95
211.2,18.8,1.67,129.64627572039998,63.6,1601.0,39.7,27.4,62.8,6.686000000000002,64.8,0.9400000000000001,1139.8112698,4.7250000000000005,4.625000000000001,0.48440000000000005,8.12
175.44444444444446,59.77777777777778,2.9177777777777782,39.122642897,78.83333333333333,429.6666666666667,24.17777777777778,78.88888888888889,70.0,3.934444444444445,78.77777777777777,1.2888888888888888,488.7265035125001,8.288888888888888,8.299999999999999,0.5174444444444445,9.222222222222221
235.55555555555554,256.0,1.07,40.592422638888884,61.714285714285715,6199.666666666667,25.58888888888889,338.22222222222223,78.88888888888889,4.552857142857143,80.33333333333333,1.5444444444444443,1450.7669499857143,10.811111111111112,11.0,0.5144444444444445,9.455555555555556
241.08333333333334,53.25,1.3041666666666665,104.76968719974998,71.55555555555556,1659.4166666666667,21.650000000000002,72.75,70.83333333333333,4.701666666666667,71.16666666666667,2.0583333333333336,1004.8447154727273,7.883333333333333,7.791666666666667,0.48308333333333336,8.716666666666667
191.4,14.4,2.795,15.817801945600001,62.666666666666664,1365.6,20.8,19.8,70.6,4.535,70.4,0.62,510.8913598749999,9.379999999999999,9.48,0.4946,9.040000000000001
160.83333333333334,91.16666666666667,0.5649999999999998,67.39724789533334,70.75,5797.0,21.46,119.83333333333333,84.0,5.081666666666666,82.0,0.3166666666666667,706.37643915,12.540000000000001,12.8,0.4835,8.25
242.28571428571428,272.85714285714283,1.695714285714286,47.56799986142857,73.83333333333333,6343.285714285715,21.25714285714286,371.7142857142857,62.42857142857143,4.727142857142858,71.14285714285714,0.35714285714285715,581.2941203500001,9.057142857142857,9.257142857142856,0.29014285714285715,9.942857142857141
146.4,20.2,2.37,55.775512465999995,80.6,23.2,30.98,27.0,83.6,6.540000000000001,88.0,1.8,1003.10775575,7.959999999999999,7.840000000000001,0.4436,10.44
207.77777777777777,59.666666666666664,1.9866666666666666,138.76619965855556,71.11111111111111,1103.4444444444443,25.3125,78.77777777777777,75.0,4.206666666666666,76.44444444444444,1.088888888888889,1931.5669840888888,7.8,7.8125,0.44099999999999995,8.577777777777778
176.33333333333334,7.666666666666667,1.99,0.0,79.66666666666667,362.3333333333333,30.066666666666666,10.0,58.333333333333336,2.9933333333333336,69.66666666666667,0.3333333333333333,,8.1,8.066666666666668,0.5266666666666667,9.200000000000001
196.85714285714286,319.85714285714283,0.9299999999999999,14.588555182857144,74.25,8193.0,22.785714285714285,415.7142857142857,61.285714285714285,3.581428571428571,74.14285714285714,0.7285714285714284,666.0956152666666,11.1,11.185714285714285,0.42628571428571427,9.057142857142859
238.0,21.428571428571427,2.924285714285714,70.62125756071428,74.5,290.2857142857143,28.866666666666664,29.571428571428573,90.42857142857143,6.4557142857142855,90.42857142857143,0.5571428571428572,859.5365158333334,6.8,6.766666666666667,0.43442857142857144,8.0
256.0,23.5,2.1374999999999997,28.833750047,80.75,170.75,32.625,31.25,85.75,4.605,83.0,0.925,738.6003800000001,6.25,6.25,0.58175,11.275
222.0909090909091,155.27272727272728,1.6418181818181816,27.704213965636367,69.125,8997.818181818182,23.563636363636363,204.63636363636363,77.72727272727273,4.6090909090909085,74.0,0.4818181818181818,405.40724350000005,6.28181818181818,7.181818181818183,0.46245454545454545,8.872727272727275
227.8,23.4,1.2750000000000001,12.5877111842,56.8,792.4,40.15,32.0,56.8,5.02,56.8,0.3400000000000001,969.232251325,7.175,7.199999999999999,0.2908,9.22
209.83333333333334,96.0,0.21666666666666667,23.110607374499995,70.5,3535.8333333333335,22.233333333333334,126.0,58.0,4.243333333333333,71.66666666666667,1.2333333333333332,403.39830118,11.383333333333333,11.516666666666666,0.4473333333333333,9.233333333333333
195.85714285714286,14.857142857142858,2.237142857142857,21.879094764857143,57.142857142857146,2111.4285714285716,30.057142857142853,20.428571428571427,82.42857142857143,5.317142857142857,74.71428571428571,1.0857142857142859,253.21237957142856,6.8428571428571425,6.8999999999999995,0.4401428571428571,9.828571428571427
221.375,242.375,1.7149999999999999,5.433153599625,71.625,5111.625,29.512499999999996,318.875,79.375,3.585,78.25,0.18750000000000003,147.825550275,9.0875,11.5,0.5578750000000001,9.275
208.4,17.0,1.9449999999999998,26.6908093,65.6,226.6,40.839999999999996,22.6,73.2,3.7024999999999997,82.0,0.22000000000000003,478.2471140333334,5.279999999999999,5.319999999999999,0.4582,10.760000000000002
248.28571428571428,63.857142857142854,3.955714285714286,132.27551684842857,82.57142857142857,3344.4285714285716,37.98571428571428,79.57142857142857,77.57142857142857,5.675714285714285,82.71428571428571,0.7428571428571429,3011.8083538333335,4.8428571428571425,7.485714285714286,0.5184285714285715,11.099999999999998
204.8,15.9,2.45625,41.457227533,67.2,1851.0,29.3,20.6,68.5,5.51,59.2,0.55,1227.547496,7.2299999999999995,7.18,0.505,10.29
191.0,405.4,3.1875,62.544521618199994,61.8,16674.6,35.739999999999995,535.6,61.2,3.6425,74.4,0.27999999999999997,788.7172901399999,6.779999999999999,7.039999999999999,0.4436,10.12
153.8,10.0,2.4939999999999998,37.56229295679999,70.0,524.6,33.059999999999995,13.4,81.8,2.7720000000000002,83.6,0.24000000000000005,521.6786077500001,4.959999999999999,5.02,0.454,11.02
187.69230769230768,13.23076923076923,4.382307692307692,156.51219154076924,84.0909090909091,534.4615384615385,38.207692307692305,17.615384615384617,75.46153846153847,5.3976923076923065,80.15384615384616,1.5000000000000004,2067.1504386384613,6.561538461538463,6.653846153846154,0.5463846153846152,11.13076923076923
175.5,54.625,3.2037500000000003,111.348077480375,79.75,799.625,37.25,68.0,86.875,6.0375,87.5,0.7999999999999999,1491.3671743714283,4.125,4.0874999999999995,0.597375,11.325
117.33333333333333,246.0,1.6366666666666667,62.363058529,72.0,7272.333333333333,30.38333333333333,333.5,72.0,5.965,72.5,0.48333333333333334,838.0099039500001,9.316666666666668,9.483333333333333,0.5476666666666666,10.483333333333333
197.28571428571428,60.42857142857143,3.3800000000000003,86.34575110714286,72.83333333333333,4945.857142857143,31.414285714285715,82.14285714285714,89.0,3.298571428571429,75.0,0.7142857142857142,1757.0744778333335,3.9857142857142853,6.614285714285715,0.6020000000000001,11.085714285714285
182.11111111111111,20.22222222222222,2.7444444444444445,20.072442633555553,80.14285714285714,714.2222222222222,27.45555555555556,26.333333333333332,66.55555555555556,4.81375,72.88888888888889,0.5333333333333333,839.7829751999999,9.511111111111113,9.52222222222222,0.549875,9.8875
111.5,285.1666666666667,0.576,144.415541985,59.166666666666664,8113.333333333333,30.816666666666666,385.3333333333333,76.16666666666667,3.6379999999999995,56.666666666666664,0.6499999999999999,2330.2823216833335,7.683333333333334,7.8999999999999995,0.5726666666666667,10.516666666666667
130.14285714285714,14.714285714285714,2.5800000000000005,246.92750620428572,81.57142857142857,900.4285714285714,31.142857142857142,19.0,81.14285714285714,3.478571428571428,92.71428571428571,0.3285714285714286,2609.994528614286,5.771428571428572,7.114285714285713,0.4944285714285715,10.0
167.5,55.125,2.024,72.1917501535,87.0,1072.5,31.674999999999997,68.625,86.0,4.756,87.0,0.65,2392.38187174,7.6875,5.4,0.5773749999999999,11.0375
157.7,23.4,1.6955555555555557,201.66702147509994,92.25,471.4,33.14999999999999,31.8,83.5,4.141111111111112,83.5,0.7799999999999999,2269.3685925500004,6.63,8.52,0.44719999999999993,10.2
164.875,12.5,2.54125,182.74223935812503,82.75,362.625,38.550000000000004,16.0,87.375,5.442500000000001,85.75,0.525,1963.8742800624998,5.999999999999999,5.949999999999999,0.6068749999999999,10.7125
187.63636363636363,161.72727272727272,1.5479999999999998,82.63237876454546,71.0,6186.090909090909,25.818181818181817,210.0,85.0,4.604000000000001,78.9090909090909,0.8181818181818182,1814.17462493,10.981818181818182,9.409090909090908,0.5428181818181819,9.700000000000001
175.83333333333334,6.5,1.998,229.303833829,89.33333333333333,968.3333333333334,37.46666666666667,8.0,90.66666666666667,5.7540000000000004,90.0,0.7000000000000001,1791.8279395666668,5.883333333333333,5.883333333333334,0.5731666666666666,11.033333333333333
132.25,51.75,1.8657142857142859,65.68441702875,83.75,297.5,35.3625,64.5,83.875,4.368571428571428,83.75,0.22500000000000003,1556.80166,7.3125,7.35,0.562875,10.075
168.0,67.0,3.2975,86.57912407066665,87.0,1139.1666666666667,34.1,87.83333333333333,75.16666666666667,4.1825,87.33333333333333,0.2166666666666667,1797.02866825,4.116666666666667,7.233333333333333,0.6096666666666666,11.016666666666666
125.16666666666667,273.0,3.03,22.046995748666664,78.5,5524.166666666667,29.833333333333332,357.3333333333333,84.33333333333333,4.42,85.33333333333333,0.25,826.9104293333334,12.499999999999998,12.75,0.5821666666666667,10.216666666666669
165.25,53.25,0.3425,118.5123510125,73.75,959.0,31.225,66.75,80.25,4.842499999999999,81.0,0.15,1091.3601949666665,8.799999999999999,8.950000000000001,0.4165,9.35
184.1,12.5,2.7344444444444442,89.6231323146,83.75,283.9,28.620000000000005,15.7,90.2,4.607500000000001,86.2,0.20999999999999996,1776.4778870714285,7.720000000000001,7.83,0.5871111111111111,11.188888888888888
200.0,42.8,1.535,15.778962168000001,70.6,2915.8,30.380000000000003,53.8,75.6,5.09,75.8,0.16,554.8757190333333,6.2,6.220000000000001,0.5828,11.16
184.375,192.875,2.69125,32.11599858625,46.375,7511.5,23.375000000000004,260.375,69.125,3.86625,79.75,0.12499999999999999,798.1006096428572,5.0249999999999995,8.4125,0.5795,10.637500000000001
201.0,36.0,1.516,37.88197259780001,85.2,4913.6,29.080000000000002,44.8,74.0,4.632000000000001,86.4,0.18,717.8264718,4.9799999999999995,6.779999999999999,0.6125999999999999,12.04
222.25,30.916666666666668,1.6700000000000002,78.70886085916666,73.75,1225.9166666666667,25.863636363636363,43.25,75.08333333333333,5.27,81.5,1.3416666666666668,837.8059779900001,7.572727272727272,8.47272727272727,0.4185454545454545,8.963636363636365
174.83333333333334,10.333333333333334,2.926666666666667,78.28164088166666,86.2,133.33333333333334,37.550000000000004,12.333333333333334,96.5,6.391666666666667,83.0,0.13333333333333333,844.886485175,3.4499999999999997,3.433333333333333,0.4454000000000001,10.64
165.77777777777777,32.888888888888886,3.033333333333333,25.230535509111114,75.11111111111111,4040.4444444444443,37.17777777777778,40.888888888888886,85.44444444444444,4.921111111111111,84.66666666666667,0.1222222222222222,586.7289756666668,3.6222222222222222,4.6,0.6198888888888889,11.6
193.0909090909091,147.72727272727272,3.3445454545454543,77.6303230490909,78.0,4798.454545454545,27.318181818181817,188.27272727272728,91.18181818181819,5.085454545454546,91.9090909090909,0.1636363636363636,1243.8993365399997,4.818181818181819,6.554545454545454,0.6242,11.569999999999999
190.33333333333334,6.666666666666667,2.4144444444444444,84.78990074255556,89.57142857142857,26.22222222222222,36.36666666666667,8.0,72.88888888888889,5.954444444444444,89.33333333333333,0.31111111111111117,916.4327466249999,5.9444444444444455,6.044444444444443,0.46911111111111115,11.799999999999999
169.0909090909091,30.636363636363637,4.444000000000001,56.50420386645454,81.8,2533.4545454545455,35.10909090909091,38.27272727272727,91.0909090909091,5.859999999999999,90.63636363636364,0.2545454545454545,2203.876385155556,3.7,5.363636363636363,0.6423,11.84
172.6,105.5,4.246,55.129253559999995,69.77777777777777,2320.3,41.36,136.4,95.6,6.4688888888888885,83.7,0.30999999999999994,705.0112600666668,5.42,5.55,0.5964285714285714,11.642857142857142
226.0909090909091,16.90909090909091,4.970909090909091,91.58973955754546,67.33333333333333,6834.636363636364,39.92727272727274,20.454545454545453,77.45454545454545,5.011818181818183,64.0909090909091,0.4272727272727273,1113.2002127,3.236363636363636,3.2545454545454544,0.5992727272727273,12.454545454545455
192.8,26.0,2.027,126.6205566333,77.7,3322.4,39.12,33.4,83.2,4.6610000000000005,91.1,0.15,1467.91961254,5.4399999999999995,3.7300000000000004,0.6515000000000001,12.079999999999998
179.875,32.0,1.9674999999999998,135.28635721875,84.71428571428571,3603.75,38.699999999999996,39.125,85.25,5.82,83.75,0.38749999999999996,1701.567301285714,4.45,5.55,0.48912500000000003,11.437500000000002
208.95,69.4,3.6800000000000006,57.71844582704999,78.21052631578948,4467.8,33.40500000000001,89.95,86.1,5.461,85.15,0.7849999999999997,1111.608412653846,5.945,6.835000000000001,0.5300555555555555,10.833333333333334
204.77777777777777,30.333333333333332,3.002222222222222,117.23410900111111,85.66666666666667,2596.0,32.97777777777778,37.333333333333336,93.33333333333333,5.046250000000001,89.55555555555556,0.13333333333333333,2351.1791969125006,2.5555555555555554,4.477777777777778,0.652375,12.287499999999998
171.2,36.0,5.962000000000001,94.66598450199999,77.6,1259.0,46.46,46.8,93.4,6.664,93.2,0.2,3713.75640725,5.659999999999999,2.2399999999999998,0.6574,11.86
195.8181818181818,98.0,2.796666666666667,86.41243420454545,80.5,10223.636363636364,24.127272727272725,118.18181818181819,89.27272727272727,4.697777777777778,81.72727272727273,0.27272727272727276,1877.6201274,6.090909090909091,7.854545454545454,0.5521,11.709999999999999
175.4,13.1,3.05,121.495365529,76.88888888888889,6340.1,41.57,16.2,88.3,7.001111111111111,83.7,0.2800000000000001,2045.4547217749998,3.8899999999999992,4.840000000000001,0.6564444444444445,11.81111111111111
173.83333333333334,20.0,2.8772727272727265,93.24602651666667,87.25,1699.8333333333333,36.74999999999999,24.166666666666668,93.5,5.924999999999999,84.91666666666667,0.1166666666666667,4102.1461632857145,3.0916666666666672,3.808333333333333,0.6562222222222222,12.200000000000001
119.16666666666667,52.0,1.0,19.2793822485,87.66666666666667,2102.3333333333335,41.26666666666666,65.83333333333333,97.5,4.376,96.16666666666667,0.09999999999999999,784.285704,7.083333333333333,4.1000000000000005,0.5926,10.64
151.6,21.3,1.9411111111111115,86.626173291,93.5,907.3,41.290000000000006,25.9,85.4,5.6775,93.2,0.26,2302.759266333333,3.8400000000000007,3.8300000000000005,0.6227777777777779,12.08888888888889
190.5,12.375,1.5942857142857143,14.584338659875,95.75,2876.0,30.9375,15.125,96.25,6.972857142857143,84.625,0.1125,1058.3091946,2.575,2.6625,0.611,11.457142857142857
159.44444444444446,19.666666666666668,4.19625,161.86215376888887,75.33333333333333,1987.7777777777778,48.0,23.444444444444443,70.33333333333333,7.436249999999999,67.88888888888889,0.2222222222222222,3185.716279114285,4.211111111111111,4.199999999999999,0.652625,12.375
209.35714285714286,19.571428571428573,2.5485714285714285,163.24106765428567,75.21428571428571,340.92857142857144,36.80714285714286,27.714285714285715,79.0,6.746153846153846,85.28571428571429,0.9928571428571428,2005.6758116,4.471428571428572,5.128571428571428,0.5008333333333334,9.591666666666667
171.0,28.7,2.3111111111111113,111.764692868,86.75,1785.6,29.74,36.1,76.1,4.196666666666667,77.2,0.36,2954.1490350100003,7.640000000000001,7.83,0.6085,12.179999999999998
166.0,6.444444444444445,2.674285714285715,105.10737132044443,75.55555555555556,203.22222222222223,42.044444444444444,7.888888888888889,72.44444444444444,7.082857142857143,88.88888888888889,0.36666666666666664,1636.4438996125002,4.144444444444444,4.2444444444444445,0.645888888888889,11.933333333333334
165.66666666666666,10.333333333333334,2.5822222222222226,89.3199576111111,82.125,828.5555555555555,42.300000000000004,12.555555555555555,82.77777777777777,5.302222222222223,77.22222222222223,0.4666666666666667,1323.03344585,4.777777777777778,4.811111111111111,0.5638888888888889,11.4
163.93333333333334,7.466666666666667,3.7476923076923083,179.32547600933333,92.14285714285714,83.66666666666667,42.17333333333333,9.066666666666666,91.13333333333334,5.965833333333333,91.26666666666667,0.28666666666666657,3883.8458573,3.786666666666667,3.8400000000000003,0.6227857142857143,12.085714285714285
106.66666666666667,28.0,3.51,398.50131441,91.55555555555556,934.7777777777778,45.33333333333334,34.77777777777778,85.22222222222223,5.174444444444445,91.88888888888889,0.25555555555555554,4637.178293125001,5.933333333333334,5.977777777777778,0.6632222222222223,11.455555555555556
162.8,5.7,3.6910000000000003,180.2808835889,91.44444444444444,342.2,40.97,6.7,91.6,5.786,92.1,0.26,3222.0594244700005,5.680000000000001,5.730000000000001,0.5975,12.22
98.33333333333333,14.333333333333334,2.936,138.1982511,93.0,281.1666666666667,42.23333333333333,16.833333333333332,66.16666666666667,5.244000000000001,92.83333333333333,0.5833333333333334,1811.2801788599998,3.6166666666666667,3.6333333333333333,0.6656666666666666,12.166666666666666
172.25,9.375,5.978571428571429,285.54981365,87.875,89.875,41.9625,11.5,79.125,6.0566666666666675,89.0,0.3125,4372.194794000001,4.5375,4.6,0.6819999999999998,13.257142857142858
132.0,19.545454545454547,2.7659999999999996,297.29459306363634,75.0,1142.1818181818182,40.90909090909091,24.181818181818183,84.27272727272727,5.214,77.18181818181819,0.20000000000000007,4343.8472768,5.472727272727273,5.49090909090909,0.5480909090909092,12.118181818181819
198.0,12.75,6.79625,552.4842230874999,81.0,385.125,48.81250000000001,15.25,82.875,6.397142857142858,73.25,0.21250000000000002,7004.151199666667,2.9875000000000003,2.9625,0.70375,12.899999999999999
165.89473684210526,13.842105263157896,4.062222222222222,145.73130097105263,78.78947368421052,109.89473684210526,39.72631578947369,16.526315789473685,81.52631578947368,5.576470588235294,85.26315789473684,0.2421052631578947,2578.8508102187498,4.452631578947368,4.473684210526317,0.666611111111111,12.566666666666666
160.0909090909091,4.090909090909091,6.265,443.47428344272726,83.81818181818181,2345.3636363636365,44.66363636363636,4.7272727272727275,93.81818181818181,5.5009999999999994,93.0,0.28181818181818186,5420.742042000001,4.536363636363635,4.636363636363637,0.6349999999999999,12.945454545454544
126.61538461538461,7.846153846153846,5.0575,206.768482745,79.0,1908.923076923077,43.56923076923077,9.538461538461538,82.23076923076923,5.360833333333333,88.76923076923077,0.4307692307692307,3547.5368269090905,4.023076923076924,4.007692307692308,0.6796923076923076,12.469230769230771
169.0,6.714285714285714,1.7933333333333332,307.7275579142857,81.83333333333333,15.0,44.528571428571425,8.0,86.71428571428571,5.495,82.57142857142857,0.48571428571428577,3115.2681489999995,3.9142857142857146,3.8428571428571425,0.6801428571428573,12.742857142857142
136.625,19.125,4.0668750000000005,308.480336946875,84.5,977.75,38.325,22.875,85.0625,5.133125,87.625,0.40624999999999994,2670.166824466667,4.681250000000001,4.68125,0.651,12.075000000000001
168.5,3.5,4.11875,202.08358864875,80.5,2509.75,25.6375,4.25,93.125,4.715000000000001,83.625,0.09999999999999999,3016.73626975,6.675000000000001,6.6499999999999995,0.5939999999999999,13.012500000000003
106.78571428571429,5.785714285714286,5.659230769230769,189.86968636642857,84.08333333333333,1135.7142857142858,49.228571428571435,6.857142857142857,73.71428571428571,5.342307692307693,79.28571428571429,0.27142857142857146,2968.5341715384616,3.414285714285714,3.414285714285714,0.642,12.735714285714284
153.3125,35.0,5.431250000000001,270.23166788937505,79.35714285714286,5712.5625,44.45000000000001,43.125,84.375,5.505,83.1875,0.17500000000000004,2872.1625960384617,3.7125,3.6750000000000003,0.6287333333333334,12.513333333333337
153.53333333333333,16.933333333333334,4.928571428571428,141.16478223246668,90.92857142857143,189.66666666666666,39.17333333333334,19.866666666666667,94.6,5.310714285714286,83.86666666666666,0.16000000000000006,1859.2448904166667,6.84,6.906666666666666,0.5652142857142858,12.214285714285714
154.78571428571428,2.357142857142857,5.995384615384615,230.73495560357148,86.53846153846153,388.35714285714283,43.25714285714286,2.9285714285714284,88.71428571428571,5.658461538461538,93.14285714285714,0.23571428571428577,5070.280987076922,3.114285714285714,3.135714285714286,0.6621428571428573,13.507142857142858
140.42857142857142,12.619047619047619,5.584210526315789,273.4895901645238,80.47619047619048,981.5714285714286,48.20476190476191,14.904761904761905,77.04761904761905,5.943333333333335,83.66666666666667,0.23333333333333317,2937.7656999235296,3.0523809523809526,3.066666666666667,0.6869523809523811,12.709523809523809
151.84615384615384,2.3076923076923075,6.5275,331.3668203423077,92.07692307692308,2.230769230769231,41.8,2.769230769230769,95.76923076923077,5.508333333333334,95.46153846153847,0.20769230769230773,3943.711930090909,4.407692307692308,4.507692307692308,0.6365833333333332,12.941666666666665
152.5625,31.9375,5.915,367.56197051062503,84.9375,5584.9375,33.3,39.0,91.8125,5.181875000000001,81.875,0.19375000000000006,4933.097592285713,3.8125,3.881249999999999,0.7075625,12.893749999999999
140.42857142857142,4.214285714285714,5.088461538461538,161.49321841742858,85.0,792.9285714285714,47.57857142857143,4.857142857142857,87.85714285714286,5.533076923076923,94.42857142857143,0.2714285714285715,1984.9399361538467,4.5928571428571425,4.607142857142857,0.7037142857142857,13.135714285714286
126.78571428571429,7.714285714285714,3.9578571428571427,313.9306549292857,93.0,923.0,35.978571428571435,9.214285714285714,82.92857142857143,5.422142857142857,81.64285714285714,0.17142857142857149,3802.031034454545,4.671428571428572,4.6499999999999995,0.6485000000000002,13.135714285714284
155.72222222222223,3.5555555555555554,5.171111111111111,243.21813407794446,80.8125,385.5,48.70555555555555,4.222222222222222,92.44444444444444,5.908333333333332,85.66666666666667,0.19444444444444453,2680.3690458,2.8944444444444444,2.8944444444444453,0.6905555555555556,12.755555555555555
136.25,2.25,5.0295,287.2015180318,83.26666666666667,51.15,47.28500000000001,2.7,88.5,5.427,88.55,0.23499999999999988,4342.376560600001,3.5349999999999993,3.529999999999999,0.5561499999999999,12.670000000000003
124.71428571428571,26.714285714285715,2.971578947368421,123.89553034323808,82.89473684210526,2952.095238095238,40.27619047619047,32.04761904761905,93.19047619047619,5.167894736842103,93.38095238095238,0.2476190476190474,2427.1561017470585,5.776190476190476,5.728571428571428,0.6554761904761905,12.509523809523811
105.89473684210526,6.157894736842105,3.9726315789473685,349.7268642615789,85.61111111111111,74.3157894736842,47.247368421052634,7.315789473684211,87.63157894736842,5.832105263157894,88.21052631578948,0.168421052631579,3816.4758164117648,3.778947368421052,3.747368421052631,0.6653157894736842,12.978947368421052
114.52631578947368,2.9473684210526314,4.806315789473683,366.4489309113684,88.0625,209.05263157894737,49.04210526315791,3.3157894736842106,94.52631578947368,5.231052631578947,94.42105263157895,0.18421052631578955,5242.5105919375,4.484210526315789,4.473684210526315,0.7295263157894738,13.226315789473682
120.0,7.377777777777778,4.999333333333332,363.76425752222224,83.95121951219512,713.7555555555556,45.879999999999995,8.88888888888889,87.36363636363636,5.879999999999999,84.68181818181819,0.2777777777777776,3958.3181105000003,3.59111111111111,3.6066666666666665,0.643909090909091,12.456818181818182
102.72222222222223,26.0,5.594444444444444,315.62985431777776,79.1875,4291.222222222223,41.38333333333335,31.0,93.38888888888889,5.702777777777778,92.27777777777777,0.261111111111111,4475.719071923077,3.9111111111111114,3.872222222222222,0.6785555555555555,12.622222222222224
118.17391304347827,3.739130434782609,3.067142857142857,325.76634216130435,87.63636363636364,606.0869565217391,48.42173913043477,4.3478260869565215,91.04347826086956,5.0566666666666675,87.78260869565217,0.12608695652173918,4784.691831842106,3.652173913043478,3.6086956521739126,0.6504347826086956,12.8
122.23809523809524,7.333333333333333,3.6060000000000008,340.53761611966667,90.94736842105263,253.71428571428572,44.12380952380952,8.428571428571429,94.8,5.5760000000000005,91.45,0.3333333333333332,4517.778062222222,4.076190476190476,4.0666666666666655,0.678095238095238,12.252380952380955
128.73684210526315,8.631578947368421,5.001578947368421,473.94712361578956,76.375,2169.7368421052633,45.54736842105264,10.105263157894736,88.27777777777777,6.0647368421052645,92.27777777777777,0.17368421052631583,5340.82049035294,4.731578947368421,4.731578947368422,0.6825789473684211,12.573684210526318
107.65217391304348,19.347826086956523,4.122857142857143,303.5532628900001,88.78947368421052,3451.304347826087,47.27391304347827,22.869565217391305,83.85714285714286,6.096666666666667,88.0,0.22173913043478247,5002.864484500001,3.3695652173913038,3.3,0.6141739130434782,12.265217391304349
120.39285714285714,7.071428571428571,4.115600000000001,405.87274354499993,83.52,480.60714285714283,51.653571428571425,8.392857142857142,85.70370370370371,5.613461538461538,91.62962962962963,0.16428571428571423,6301.027099521738,3.6392857142857147,3.599999999999999,0.6645,12.532142857142855
107.36842105263158,4.631578947368421,3.8852631578947374,389.4071314768421,91.5,421.10526315789474,41.3578947368421,5.315789473684211,87.0,5.118947368421053,84.15789473684211,0.1315789473684211,7389.074290471428,5.421052631578948,5.41578947368421,0.6912105263157894,13.252631578947366
126.81818181818181,7.636363636363637,4.788181818181818,415.42392674727273,77.95238095238095,355.8181818181818,45.28636363636363,9.0,82.27272727272727,4.574090909090908,78.54545454545455,0.12272727272727275,9508.934339533334,4.486363636363636,4.454545454545455,0.6887727272727274,12.44090909090909
127.28,17.8,4.10625,404.7015564302,89.24,5195.0,44.312,20.92,89.28,6.524166666666667,92.92,0.13600000000000004,5019.710128530436,4.1240000000000006,4.1000000000000005,0.6832800000000002,12.911999999999999
124.28571428571429,11.333333333333334,3.6799999999999993,356.4634460371429,84.89473684210526,2338.190476190476,43.25238095238095,13.714285714285714,91.47619047619048,5.1322222222222225,88.0952380952381,0.20000000000000004,6478.4979272499995,4.2333333333333325,4.1952380952380945,0.6377142857142859,12.004761904761905
117.82608695652173,8.173913043478262,6.100952380952381,326.6815662556522,91.95238095238095,230.8695652173913,48.452173913043474,9.26086956521739,94.43478260869566,6.906666666666668,94.30434782608695,0.11739130434782613,5579.176459555556,3.9391304347826086,3.8869565217391306,0.7490869565217391,13.873913043478264
119.0,17.565217391304348,5.2995652173913035,434.45011561782604,90.81818181818181,4357.0,44.026086956521745,20.73913043478261,95.21739130434783,5.699565217391303,95.1304347826087,0.16086956521739135,6662.321146105263,4.286956521739131,4.273913043478261,0.7018695652173913,12.604347826086956
105.07692307692308,4.384615384615385,4.943333333333334,711.8037561261538,96.92307692307692,1044.923076923077,48.13846153846154,5.076923076923077,95.84615384615384,6.0425,95.84615384615384,0.12307692307692311,10807.661041363635,5.3538461538461535,5.315384615384615,0.7349999999999999,13.315384615384612
109.3913043478261,16.82608695652174,4.58590909090909,317.20425043686953,89.78260869565217,5135.173913043478,45.8,19.695652173913043,89.56521739130434,5.737727272727273,90.30434782608695,0.1304347826086957,4355.118566526316,3.8347826086956522,3.8086956521739124,0.706391304347826,12.839130434782609
125.75,16.208333333333332,4.234545454545454,392.65733468,91.69565217391305,6153.75,40.24166666666666,18.833333333333332,95.41666666666667,5.654090909090909,95.5,0.12500000000000006,6154.838054391304,5.170833333333333,5.095833333333334,0.7444583333333332,13.3375
118.6,3.5,5.33235294117647,531.225656614,91.21052631578948,296.25,41.86,4.3,91.0,5.818823529411766,91.1,0.11500000000000006,8769.370529882355,4.834999999999999,4.834999999999999,0.6694000000000001,12.200000000000001
82.79166666666667,6.291666666666667,5.079565217391305,389.90592138979156,85.52380952380952,105.25,47.0,7.25,88.5,5.9482608695652175,92.20833333333333,0.1291666666666667,7482.242128777777,4.8999999999999995,4.866666666666666,0.7498695652173911,13.51304347826087
110.94444444444444,8.555555555555555,5.302666666666668,219.92590706566665,94.9375,94.66666666666667,54.011111111111106,9.88888888888889,95.44444444444444,6.131333333333333,95.11111111111111,0.10000000000000003,4204.85387,3.611111111111111,3.5388888888888883,0.7527777777777778,13.71111111111111
102.65217391304348,14.869565217391305,5.061499999999999,351.7340561678261,93.42857142857143,2492.0434782608695,49.473913043478255,17.26086956521739,93.17391304347827,6.196000000000001,94.0,0.10869565217391308,5014.03708155,5.034782608695653,5.008695652173913,0.7207391304347827,13.569565217391307
137.3030303030303,19.545454545454547,5.430344827586207,247.09215033945455,85.5,1827.3333333333333,41.118181818181824,22.78787878787879,92.0,6.334482758620688,91.0,0.13939393939393938,5649.207573777777,3.578787878787879,3.587878787878788,0.7026363636363636,13.142424242424243
84.7,5.4,4.768,532.1351664000001,94.44444444444444,40.0,46.13,6.1,95.0,6.51,86.8,0.09999999999999999,12085.003627833334,3.8199999999999994,3.78,0.7564444444444445,13.933333333333335
94.6,18.466666666666665,6.2614285714285725,257.2417153053333,94.53846153846153,1357.1333333333334,46.10666666666667,21.6,95.53333333333333,5.875,95.46666666666667,0.13333333333333336,5787.675118583334,4.133333333333333,4.093333333333333,0.7005714285714287,13.678571428571427
88.875,7.1875,4.6046666666666685,649.5584067668751,88.75,36.25,56.462500000000006,8.4375,93.375,5.429333333333333,95.25,0.12500000000000006,8315.836244923075,3.2000000000000006,3.16875,0.7525333333333334,13.639999999999999
78.66666666666667,15.761904761904763,5.44,512.4205836136191,90.63157894736842,353.57142857142856,49.70476190476192,18.333333333333332,95.04761904761905,6.382857142857143,91.28571428571429,0.10000000000000002,7008.617944388889,4.280952380952381,4.252380952380952,0.7153333333333334,13.776190476190477
89.38461538461539,4.923076923076923,5.423000000000001,63.25444327692307,83.91666666666667,109.3076923076923,56.13076923076923,5.923076923076923,94.23076923076923,6.784999999999999,88.6923076923077,0.1,4569.911186636364,3.1000000000000005,3.0615384615384618,0.7093846153846154,14.084615384615384
92.625,20.0625,4.994285714285715,710.529289485375,90.0,1745.0,40.925,23.375,95.9375,5.891428571428571,96.0,0.13125000000000003,9433.079665857143,3.775,3.71875,0.7750000000000002,14.049999999999999
80.8,7.9,6.465555555555556,577.558037243,81.88888888888889,125.9,39.4,9.5,95.3,7.546666666666665,91.4,0.12000000000000002,6121.4711154999995,3.37,3.400000000000001,0.7459,13.690000000000001
91.57142857142857,16.5,5.5225,699.2602255428571,89.38461538461539,3790.8571428571427,44.5,19.285714285714285,95.78571428571429,5.885833333333334,96.21428571428571,0.13571428571428576,9750.566087666666,3.0714285714285716,2.978571428571428,0.7778461538461539,13.8
76.0,4.75,6.623749999999999,835.17845646,95.14285714285714,1882.25,44.7625,5.75,96.5,6.74875,95.5,0.11249999999999999,8411.455855499999,5.0125,5.0875,0.7435714285714285,13.7
132.24,7.12,4.906521739130435,460.88929945632003,85.33333333333333,1340.48,50.023999999999994,8.64,87.48,5.641304347826087,86.16,0.13200000000000003,7517.466059454545,3.7120000000000006,3.616000000000001,0.7403478260869566,13.273913043478263
99.45454545454545,17.454545454545453,4.7387500000000005,610.2902312727273,88.18181818181819,3853.909090909091,40.654545454545456,20.272727272727273,88.54545454545455,6.00375,88.63636363636364,0.10909090909090909,6739.986858444445,2.9272727272727277,2.872727272727273,0.7808181818181819,13.945454545454544
101.91666666666667,1.6666666666666667,4.767999999999999,754.4840887908334,93.0909090909091,12.75,52.99166666666665,1.9166666666666667,93.75,5.39,85.83333333333333,0.14166666666666672,8445.128769833333,3.1583333333333337,3.033333333333333,0.7823333333333333,13.950000000000001
86.0,4.4,4.34,777.1507765990002,96.2,4.8,48.22,5.1,95.3,5.997777777777779,96.0,0.09999999999999999,7886.8511462,4.01,3.8999999999999995,0.7947,14.339999999999998
82.44444444444444,0.3333333333333333,5.43875,709.4579725677776,95.0,10.555555555555555,43.266666666666666,0.4444444444444444,82.55555555555556,6.0275,93.0,0.12222222222222223,9175.78558175,3.277777777777778,3.1444444444444444,0.7926666666666667,14.07777777777778
83.625,0.375,6.063749999999999,1578.0174801499998,94.42857142857143,20.375,58.5875,0.625,94.625,6.4262500000000005,94.375,0.09999999999999999,16847.275123,3.1875,3.1375,0.7979999999999999,13.971428571428572
75.81818181818181,5.909090909090909,5.938,1246.8077084454546,90.4,30.0,45.49090909090909,7.0,94.27272727272727,6.239,94.36363636363636,0.09999999999999999,13374.310124545456,2.9272727272727277,2.8000000000000003,0.7927272727272726,14.063636363636364
71.33333333333333,4.111111111111111,4.708571428571427,121.01756479244445,94.55555555555556,2602.4444444444443,40.91111111111111,4.777777777777778,96.44444444444444,5.164285714285714,96.0,0.09999999999999999,4537.819799571428,4.455555555555557,4.333333333333333,0.7802499999999999,13.5
88.6,3.1,5.897,1068.75476599,86.2,22.8,52.519999999999996,3.7,85.9,7.129999999999998,95.2,0.09999999999999999,24353.353993625,2.9400000000000004,2.8099999999999996,0.7977500000000001,14.1625
78.3,3.1,5.406666666666666,897.8159025006,85.22222222222223,49.5,44.50999999999999,3.7,95.8,7.375555555555555,95.6,0.09999999999999999,14094.788889333335,2.96,2.79,0.7933333333333334,14.488888888888889
110.45454545454545,10.454545454545455,6.802000000000001,789.5417392965456,87.36842105263158,693.0909090909091,49.31363636363637,12.818181818181818,86.4090909090909,6.584999999999999,93.63636363636364,0.15000000000000008,11220.041023411764,3.6318181818181814,3.613636363636363,0.6820526315789474,13.252631578947371
49.333333333333336,1.0,9.181999999999999,786.7425068116667,97.0,83.33333333333333,43.416666666666664,1.1666666666666667,97.83333333333333,5.853999999999999,98.16666666666667,0.09999999999999999,15780.8883125,3.016666666666666,2.8333333333333335,0.8372499999999999,14.55
66.5,3.875,6.41125,820.34376045,91.14285714285714,383.375,52.875,4.625,93.625,8.415,93.125,0.09999999999999999,9648.366665714286,2.325,2.225,0.7804285714285714,14.585714285714285
47.0,0.8,6.316999999999999,788.1773503628999,94.57142857142857,30.7,53.260000000000005,1.1,94.9,6.934,94.2,0.09999999999999999,6812.2896623,3.2099999999999995,3.15,0.7847999999999999,14.210000000000003
68.25,0.25,6.510000000000001,1362.124570585,91.33333333333333,481.0,49.5,0.25,88.5,5.136666666666666,83.5,0.1,11256.0286945,3.0,2.825,0.78725,14.424999999999999
61.54545454545455,5.454545454545454,7.186,948.7800475727272,73.375,18.727272727272727,59.13636363636363,6.454545454545454,93.0,8.423,87.9090909090909,0.09999999999999999,20290.001760875,1.7545454545454542,1.7090909090909094,0.7999999999999999,14.375000000000002
73.57142857142857,0.8571428571428571,5.328333333333334,536.1334405542857,69.0,5.428571428571429,39.285714285714285,0.8571428571428571,71.0,6.713333333333334,82.71428571428571,0.09999999999999999,4631.0168315,4.014285714285714,3.842857142857143,0.7920000000000001,14.366666666666667
52.5,0.3333333333333333,9.036,2173.3012831166666,95.2,1.8333333333333333,52.13333333333333,0.5,81.66666666666667,8.356,81.83333333333333,0.09999999999999999,15043.192159666665,2.4499999999999997,2.2499999999999996,0.7958333333333333,14.4
84.8,3.5,8.26,1646.43295401,89.85714285714286,33.8,60.4,4.2,93.3,7.415555555555555,93.6,0.09999999999999999,24777.469071,1.5699999999999998,1.4999999999999998,0.8004285714285714,13.828571428571431
21.0,0.75,2.9599999999999995,858.59495125,97.0,18.5,51.275000000000006,0.75,98.25,5.609999999999999,96.75,0.1,6527.840620999999,5.800000000000001,5.675,0.768,14.225
102.0,5.225806451612903,6.4673333333333325,878.0264648863872,80.44,1378.0,49.75806451612903,6.193548387096774,91.41935483870968,6.1623333333333346,87.61290322580645,0.11290322580645165,8246.40205619231,2.9096774193548387,2.9096774193548383,0.7576896551724135,14.42413793103448
50.666666666666664,2.5833333333333335,8.186666666666667,2563.7430011250003,83.14285714285714,94.75,52.725,3.0,93.83333333333333,7.610833333333335,93.16666666666667,0.09999999999999999,24674.534622545456,1.9416666666666667,1.8500000000000003,0.8330000000000001,15.727272727272727
62.333333333333336,3.888888888888889,8.27375,425.27555722222223,94.42857142857143,62.333333333333336,53.98888888888889,4.333333333333333,85.77777777777777,8.89875,94.66666666666667,0.09999999999999999,17742.516286000002,2.9,2.788888888888889,0.7856,13.24
80.0,0.9,8.9,2498.83224723,89.16666666666667,700.4,50.589999999999996,1.1,95.6,6.288000000000001,95.2,0.09999999999999999,22520.897647777776,1.7,1.59,0.8438888888888889,15.299999999999999
87.33333333333333,1.0,10.246666666666668,3257.902136166667,87.5,777.0,55.61666666666667,1.1666666666666667,94.5,6.781666666666666,94.0,0.09999999999999999,24438.95763,1.0333333333333332,0.9666666666666668,0.8523333333333333,15.85
61.125,3.625,9.354285714285712,1712.6169084625,69.0,114.875,54.5375,4.375,93.75,8.51,74.75,0.09999999999999999,14227.174726857143,2.35,2.3125,0.8214285714285715,15.099999999999998
86.83333333333333,0.16666666666666666,10.621666666666668,3071.136019333333,57.333333333333336,48.166666666666664,40.99999999999999,0.16666666666666666,92.0,6.305,79.5,0.09999999999999999,26441.270131999998,1.2833333333333334,1.3333333333333337,0.8224,14.419999999999998
61.0,3.5,8.913125,2158.87000914125,85.53846153846153,52.1875,51.493750000000006,4.125,83.4375,8.424375,84.5,0.10000000000000002,20619.293897615382,1.2750000000000001,1.1750000000000003,0.8321538461538461,15.369230769230768
64.72727272727273,3.0,10.256,2667.4896239909094,70.375,947.4545454545455,53.436363636363645,3.4545454545454546,94.0,7.141,93.72727272727273,0.09999999999999999,25034.519920000002,1.2363636363636363,1.1727272727272728,0.8583749999999999,15.8625
67.5,2.5,7.9316666666666675,2203.8903540416663,90.5,21.75,53.09166666666667,2.9166666666666665,93.58333333333333,8.979999999999999,87.08333333333333,0.09999999999999999,17571.528066454546,1.1333333333333333,1.0916666666666666,0.8330909090909091,15.245454545454544
119.21052631578948,7.0,6.966666666666667,1184.66720656,87.46153846153847,328.2631578947368,44.278947368421065,8.157894736842104,93.63157894736842,7.318333333333334,93.57894736842105,0.19473684210526318,11685.413454333333,2.078947368421053,2.0210526315789474,0.6528823529411764,13.611764705882354
68.3,3.3,9.799999999999999,2127.3504860099997,90.25,121.3,48.89,3.8,93.5,8.216666666666669,86.2,0.09999999999999999,15953.357565333332,1.1,1.0699999999999998,0.8411111111111113,15.677777777777777
78.44444444444444,1.0,9.062222222222223,2196.1211259433335,66.0,668.1111111111111,57.477777777777774,1.2222222222222223,66.11111111111111,7.431111111111111,84.22222222222223,0.09999999999999999,16005.879546000002,1.066666666666667,1.0,0.8460000000000001,15.866666666666665
65.38461538461539,2.6153846153846154,8.614166666666668,1995.2083854753846,87.0,88.3076923076923,53.27692307692307,3.0,93.0,6.123333333333334,87.15384615384616,0.1,18450.959762727274,0.9923076923076921,0.9538461538461538,0.8374545454545455,15.109090909090908
70.0,1.0833333333333333,9.361666666666668,3944.9741872533336,91.22222222222223,151.75,50.57500000000001,1.1666666666666667,95.25,7.8983333333333325,94.41666666666667,0.09999999999999999,27698.41246727272,0.9500000000000001,0.8833333333333333,0.8509999999999999,15.418181818181814
73.8,1.0,10.137000000000002,2595.56973888,92.2,145.0,53.730000000000004,1.3,86.3,8.65,86.2,0.09999999999999999,19024.141401111112,0.86,0.82,0.8596666666666667,16.27777777777778
74.375,1.25,9.528571428571428,2089.4919812625,90.6,477.875,52.8375,1.25,92.75,6.198571428571428,93.125,0.09999999999999999,16559.24158857143,1.0250000000000001,0.9375,0.8342857142857144,15.614285714285716
75.9090909090909,0.2727272727272727,8.41818181818182,3613.4710138909095,80.5,44.09090909090909,46.209090909090904,0.36363636363636365,95.0909090909091,7.601818181818181,95.45454545454545,0.09999999999999999,24934.46627,0.9363636363636363,0.8545454545454546,0.8688181818181817,15.618181818181817
78.72727272727273,0.9090909090909091,9.62090909090909,3137.6180142163635,91.0,83.18181818181819,54.47272727272727,1.0909090909090908,93.81818181818181,6.465454545454546,93.72727272727273,0.09999999999999999,21164.903382,1.0454545454545454,1.0,0.8754000000000002,16.250000000000004
70.3,0.8,9.157,2643.5923971100005,81.125,1212.7,54.36,1.2,85.9,7.876,86.0,0.09999999999999999,17995.321426000002,0.74,0.72,0.8752000000000001,17.470000000000002
66.72727272727273,0.6363636363636364,8.620909090909091,4280.060075536364,84.55555555555556,910.4545454545455,50.027272727272724,0.9090909090909091,93.36363636363636,7.417272727272728,93.27272727272727,0.09999999999999999,27777.07454818182,0.8636363636363636,0.8272727272727273,0.8681818181818183,15.727272727272727
69.2,1.08,8.933913043478261,4130.892371016001,73.55555555555556,236.24,56.464,1.28,90.48,7.710000000000001,93.84,0.10000000000000003,29215.084495217387,0.7800000000000002,0.7159999999999997,0.881391304347826,16.708695652173915
61.470588235294116,0.6470588235294118,8.602857142857143,2397.0657269152944,74.72727272727273,1435.7058823529412,45.08235294117647,0.7647058823529411,96.94117647058823,7.904285714285714,96.23529411764706,0.10000000000000002,20385.548565,1.0411764705882354,0.9588235294117647,0.8871875,16.25
57.0,1.5,9.686666666666667,2676.0492530666666,88.2,110.66666666666667,52.833333333333336,2.0,94.66666666666667,8.678,94.66666666666667,0.09999999999999999,23115.20861,0.7166666666666667,0.55,0.89475,17.700000000000003
59.625,1.125,9.318749999999998,5559.2860989125,90.0,719.25,54.650000000000006,1.25,95.125,9.358749999999999,95.125,0.09999999999999999,31401.182447500003,0.6249999999999999,0.5874999999999999,0.89625,17.675
55.375,0.125,8.285714285714286,4681.328666825,74.0,346.75,50.349999999999994,0.125,97.625,8.872857142857143,97.625,0.09999999999999999,40732.0518925,1.1375000000000002,1.1375000000000002,0.8928749999999999,16.125
66.4,1.2,7.884444444444445,2043.6253358150002,77.5,2558.0,51.260000000000005,1.3,93.1,7.656666666666666,94.5,0.09999999999999999,18426.280152,0.95,0.8900000000000002,0.8929,16.21
62.833333333333336,1.0,8.42,3484.0704761,72.75,69.16666666666667,44.583333333333336,1.0,95.33333333333333,7.909999999999999,94.66666666666667,0.09999999999999999,21844.38181,0.6166666666666666,0.5666666666666665,0.8975,17.3
63.18181818181818,0.6363636363636364,7.247999999999999,5526.584196236364,83.6,1492.0,43.300000000000004,0.7272727272727273,96.72727272727273,7.321,96.72727272727273,0.09999999999999999,46446.504518999995,1.1090909090909091,1.0000000000000002,0.8955,15.9
37.0,1.2857142857142858,6.098571428571428,4833.152569,86.5,4937.428571428572,56.71428571428571,1.5714285714285714,93.57142857142857,7.153333333333333,94.57142857142857,0.09999999999999999,33701.556587142855,0.9714285714285714,0.8857142857142858,0.8931428571428572,16.400000000000002
49.8,1.2,8.8575,2249.1839929000002,87.5,1743.2,54.279999999999994,1.8,95.8,9.6825,95.8,0.1,21935.121030000002,1.08,0.9400000000000001,0.8954000000000001,16.919999999999998
62.142857142857146,1.0476190476190477,8.405,4253.004633409524,85.35714285714286,754.952380952381,52.842857142857135,1.2857142857142858,94.52380952380952,6.8135,94.52380952380952,0.10000000000000002,34245.258635789476,1.0142857142857142,0.9380952380952381,0.8758947368421053,15.74736842105263
49.8,1.0,7.6579999999999995,6124.3739167,97.0,2712.4,53.279999999999994,1.4,96.2,9.064,96.4,0.1,35127.059564,0.9799999999999999,0.86,0.8868,16.299999999999997
38.75,1.5,5.3066666666666675,2931.503256425,82.75,154.0,56.425,1.5,95.0,7.759999999999999,95.0,0.1,44255.12723,1.125,1.0750000000000002,0.90375,15.925
58.8,0.8,8.6725,3107.79870648,88.0,61.8,54.739999999999995,1.0,96.0,10.552499999999998,95.8,0.1,37852.456645,0.9199999999999999,0.78,0.908,16.950000000000003
42.0,1.2,8.016666666666667,1538.0723004200001,82.66666666666667,166.0,43.7,1.8,95.6,8.68,96.2,0.1,17049.868306,1.1,0.9800000000000001,0.8914000000000002,16.72
50.42857142857143,0.8571428571428571,6.995,6739.950545571429,94.75,102.0,45.65714285714285,1.1428571428571428,81.71428571428571,7.011666666666667,81.85714285714286,0.09999999999999999,48332.07156,1.2142857142857142,1.114285714285714,0.9035714285714286,17.257142857142856
60.0,1.3333333333333333,5.763333333333333,8488.61701175,96.0,258.3333333333333,49.06666666666666,1.6666666666666667,96.66666666666667,9.586666666666668,97.0,0.10000000000000002,41190.04845333333,0.9666666666666667,0.7666666666666666,0.8953333333333333,16.066666666666666
48.0,0.8333333333333334,7.1274999999999995,6196.035384983334,93.66666666666667,1952.1666666666667,50.916666666666664,1.1666666666666667,94.66666666666667,8.535,94.66666666666667,0.09999999999999999,32738.526168333334,1.1166666666666667,1.0166666666666668,0.9113333333333333,16.96666666666667
57.5,1.0,,0.0,95.0,94.5,66.6,1.0,95.0,,95.0,0.1,41119.116625,0.6,0.55,0.9095,19.049999999999997
56.0,0.0,1.83,7971.646361,96.0,0.0,32.9,0.0,96.0,4.92,96.0,0.1,56336.7234,2.2,2.2,0.922,15.4
62.625,0.75,8.542499999999999,3201.15917066125,93.8,154.1875,47.599999999999994,1.0,95.75,7.956249999999999,95.9375,0.10000000000000002,19271.277038,1.0125000000000002,0.9125000000000001,0.8747333333333333,15.966666666666669
55.0,0.0,1.79,0.0,96.0,0.0,33.2,0.0,96.0,,96.0,0.1,53629.73746,2.2,2.2,0.924,15.4
51.0,0.0,9.61,19479.91161,,23.0,57.0,0.0,96.0,11.66,96.0,0.1,85814.58857,0.4,0.3,0.936,15.9
58.0,2.0,7.39,121.5869163,,228.0,27.8,3.0,99.0,1.17,97.0,0.1,4863.47665,1.9,1.7,0.889,15.3
49.0,0.0,,0.0,,35.0,57.4,0.0,97.0,,97.0,0.1,8989.8424,0.4,0.3,0.938,16.0
56.5,2.0,3.78,91.63395429,,345.5,28.4,3.0,99.0,1.24,96.0,0.1,4175.329485,2.0,1.7,0.8965000000000001,15.3
55.0,2.0,,0.0,,35.0,29.0,3.0,99.0,,96.0,0.1,34474.13736,2.1,1.8,0.902,15.3
55.72727272727273,0.18181818181818182,8.308181818181819,6063.23580447,92.83333333333333,123.9090909090909,58.209090909090904,0.18181818181818182,93.54545454545455,6.9009090909090895,93.45454545454545,0.09999999999999999,39326.97840909091,1.009090909090909,0.9727272727272727,0.8849999999999999,16.66363636363636
71.5,0.6666666666666666,8.99,2999.2818751475,74.125,221.91666666666666,46.666666666666664,0.75,88.16666666666667,8.020999999999999,95.16666666666667,0.09999999999999999,20141.448753333334,0.775,0.7333333333333334,0.8864166666666665,16.575
72.86666666666666,1.1333333333333333,10.041428571428572,1987.8905805866666,83.5,422.6666666666667,48.11333333333334,1.4666666666666666,95.33333333333333,7.4885714285714275,95.6,0.10000000000000002,17506.89803083333,0.8266666666666667,0.7000000000000001,0.8964166666666668,17.441666666666666
71.33333333333333,0.7777777777777778,8.235555555555557,2472.119716782222,79.4,246.0,52.13333333333334,1.0,95.44444444444444,5.860000000000001,95.66666666666667,0.09999999999999999,23067.981728571427,1.1111111111111114,0.9555555555555555,0.8702857142857143,16.142857142857142
63.1,0.5,9.606666666666666,6022.013549400001,94.16666666666667,66.0,53.43000000000001,0.5,96.0,7.356666666666666,96.1,0.09999999999999999,39857.949218999995,1.1,1.1,0.8774,16.270000000000003
74.27272727272727,1.0909090909090908,9.967272727272727,3708.191008976364,71.75,188.0,55.48181818181819,1.3636363636363635,96.72727272727273,7.413636363636365,96.45454545454545,0.09999999999999999,24776.53866272727,0.7545454545454546,0.7181818181818181,0.8829090909090909,16.763636363636365
