HAPPINESS_RANK,HAPPINESS_SCORE,ECONOMY,FAMILY,FREEDOM,TRUST,GENEROSITY,DYSTOPIA
124.2,4.3466000176,0.45662224939999996,0.9471610371999999,0.3547822598,0.095382928,0.1846694544,2.3179817733333334
106.0,4.709000111,0.368420929,0.984136045,0.318697691,0.071095176,0.293040901,2.668459892
155.0,3.083,0.024,0.0,0.305,0.038,0.218,
155.0,2.693000078,0.0,0.0,0.270842046,0.056565076,0.280876487,2.066004753
144.0,3.763,0.42214,0.63178,0.12807,0.04952,0.18667,2.30637
137.0,3.936000109,0.438012987,0.953855872,0.162342027,0.053581882,0.21611385,2.071238041
139.0,3.916,0.55507,0.57576,0.40663,0.1553,0.20338,1.97478
128.0,4.332,0.99355,1.10464,0.49495,0.12474,0.10461,1.46181
91.0,5.155,0.689,1.172,0.462,0.032,0.201,
128.0,4.179999828,0.603048921,0.90478003,0.447706193,0.130061775,0.20123747,1.844964266
140.0,3.795000076,0.85842818,1.10441196,0.0,0.069720335,0.09792649,1.614482403
141.0,3.866,0.84731,0.66366,0.00589,0.08434,0.12071,2.09459
103.0,4.875,0.75216,0.64498,0.27854,0.0305,0.23219,2.88586
131.0,4.301,0.358,0.907,0.189,0.06,0.181,
95.0,5.073999882,0.783756256,1.215770483,0.394952565,0.026121566,0.230947196,2.365390539
148.0,3.678,0.0785,0.0,0.48879,0.08289,0.23835,2.7223
101.0,4.867,0.71206,1.07284,0.30658,0.0306,0.18259,2.48676
97.0,4.898,0.37545,1.04103,0.31767,0.12504,0.16388,2.79832
141.0,3.808,0.472,1.215,0.423,0.112,0.116,
107.0,4.671,0.541,0.872,0.467,0.103,0.146,
94.0,4.971,0.08308,1.02626,0.34037,0.15603,0.22269,3.05137
120.0,4.517,0.0,1.0012,0.22605,0.07625,0.24834,2.86712
155.0,3.083,0.026,0.0,0.225,0.035,0.235,
113.0,4.550000191,0.23430565,0.870701015,0.480791092,0.179436386,0.322228104,2.355650902
93.0,5.151000023,0.022643184,0.721151352,0.602126956,0.282410324,0.291631311,3.11748457
76.0,5.44,0.0,0.33613,0.56778,0.3118,0.27225,3.83772
98.0,4.982,0.0,0.712,0.674,0.282,0.238,
114.0,4.513,0.52497,0.62542,0.42736,0.06126,0.2268,2.5198
107.0,4.695000172,0.564305365,0.946018219,0.430388749,0.051306631,0.236298457,2.333645582
156.0,2.905,0.091,0.627,0.065,0.076,0.149,
149.0,3.667,0.34193,0.76062,0.23501,0.05269,0.18386,1.94296
154.0,2.904999971,0.091622569,0.629793584,0.059900753,0.084147945,0.204435185,1.683024168
151.0,3.655,0.46534,0.77115,0.46866,0.17922,0.20165,1.41723
118.0,4.447,0.37,1.233,0.367,0.056,0.139,
157.0,2.905,0.06831,0.23442,0.0432,0.09419,0.2029,2.10404
143.0,3.832,0.39394,0.18519,0.19662,0.13015,0.25899,2.50929
131.0,4.193,0.35041,0.71478,0.25429,0.08582,0.18503,2.4427
78.0,5.268,0.65435,0.90432,0.34334,0.0403,0.27233,2.89319
135.0,4.073,0.31292,0.86333,0.27544,0.13647,0.21064,2.11087
147.0,3.59100008,0.397248626,0.601323128,0.147062436,0.116793513,0.285670817,1.879567385
137.0,4.033,0.75778,0.8604,0.10384,0.07122,0.12344,1.94939
144.0,3.802,0.489,1.169,0.359,0.093,0.107,
127.0,4.190000057,0.476180494,1.281473398,0.306613743,0.104970247,0.183354199,1.668190956
123.0,4.417,0.198,0.902,0.531,0.158,0.206,
154.0,3.36,0.38227,0.11037,0.1643,0.07112,0.31268,2.14558
154.0,3.254,0.337,0.608,0.112,0.106,0.224,
141.0,3.79399991,0.401477218,0.581543326,0.10617952,0.06115783,0.311870933,2.150801182
99.0,4.975,0.535,0.891,0.454,0.043,0.183,
116.0,4.459,1.02416,0.96053,0.42483,0.08415,0.13656,1.64227
101.0,4.828999996,1.054698706,1.384788632,0.479246736,0.072509497,0.13936238,1.510908604
125.0,4.272,0.05661,0.80676,0.15602,0.06075,0.25458,2.74924
151.0,3.607,0.22415,0.3109,0.30953,0.1192,0.29914,2.15604
126.0,4.28000021,0.092102349,1.229023457,0.235961348,0.060241356,0.246455833,2.224958658
132.0,4.35,0.35,0.766,0.174,0.078,0.198,
149.0,3.506999969,0.24454993,0.791244686,0.348587513,0.110937618,0.264815092,1.552311897
145.0,3.739,0.34719,0.90981,0.43653,0.06442,0.27102,1.51416
138.0,3.875,0.375846535,1.083095908,0.336384207,0.095375381,0.189143494,1.597970247
132.0,4.245,0.069,1.136,0.312,0.052,0.197,
138.0,3.995,0.26074,1.03526,0.38857,0.12352,0.18798,1.79293
143.0,3.657000065,0.431085408,0.435299844,0.425962776,0.060929015,0.207948461,1.885630965
153.0,3.484,0.39499,0.10419,0.39747,0.06681,0.2018,2.10812
140.0,3.964,0.344,0.792,0.394,0.094,0.185,
145.0,3.739,0.31995,0.63054,0.3337,0.12533,0.24353,1.87319
134.0,4.032000065,0.350227714,1.043280005,0.324367851,0.120328106,0.250864685,1.727212906
133.0,4.080999851,0.381430715,1.129827738,0.443185955,0.057069719,0.325766057,1.526362658
134.0,4.166,0.131,0.867,0.39,0.099,0.175,
157.0,2.905,0.0153,0.41587,0.1185,0.10062,0.19727,1.83302
131.0,4.292,0.01604,0.41134,0.43054,0.06977,0.33128,2.80791
148.0,3.532999992,0.119041793,0.872117937,0.332881182,0.038948249,0.266549885,1.673285961
150.0,3.622,0.10706,0.50353,0.25748,0.04852,0.24063,2.23284
99.0,4.944,0.569,0.808,0.352,0.09,0.154,
133.0,4.252,0.4225,0.88767,0.49309,0.05786,0.20618,1.95071
106.0,4.795,0.61202,0.6376,0.42662,0.11479,0.17866,2.58991
135.0,4.161,0.322,1.09,0.45,0.061,0.259,
136.0,4.141,0.378,0.372,0.44,0.067,0.163,
150.0,3.656,0.17417,0.46475,0.37725,0.12139,0.28657,1.99172
129.0,4.374,0.268,0.841,0.309,0.045,0.252,
85.0,5.265,0.696,1.111,0.426,0.041,0.215,
150.0,3.494999886,0.305444717,0.43188253,0.380426139,0.095665015,0.196896151,1.837229252
144.0,3.692,0.357,1.094,0.406,0.099,0.132,
155.0,3.303,0.28123,0.0,0.34678,0.11587,0.17517,2.1354
139.0,3.999,0.259,0.474,0.434,0.101,0.158,
121.0,4.424,0.314,1.097,0.312,0.128,0.175,
145.0,3.632,0.332,0.537,0.085,0.036,0.191,
116.0,4.513999939,0.636406779,1.003187299,0.461603492,0.07821355,0.249580145,1.826705456
142.0,3.856,0.1327,0.6053,0.38041,0.17176,0.2097,2.09469
149.0,3.495,0.076,0.858,0.419,0.03,0.206,
112.0,4.668,0.0,0.698,0.559,0.27,0.243,
135.0,4.027999878,0.161925331,0.993025005,0.363658696,0.138572946,0.228673846,1.873983383
142.0,3.795,0.73,1.125,0.0,0.061,0.079,
152.0,3.587,0.25812,0.85188,0.39493,0.12832,0.21747,1.46494
136.0,4.028,0.34097,0.29561,0.12072,0.14476,0.47958,2.37116
113.0,4.642,0.92049,1.18468,0.33207,0.08884,0.11973,1.71956
145.0,3.602999926,0.368610263,0.640449822,0.030369857,0.09987215,0.489203781,1.697167635
127.0,4.236,0.77109,0.47799,0.37938,0.09753,0.12077,2.10681
158.0,2.839,0.20868,0.13995,0.36453,0.10731,0.16681,1.56726
123.0,4.291999817,0.648457289,1.27203083,0.096098043,0.136957005,0.201870024,1.651637316
130.0,4.201,0.61391,0.84142,0.1268,0.17955,0.22686,1.9263
148.0,3.582,0.315,0.714,0.025,0.104,0.392,
124.0,4.290999889,0.808964252,0.832044363,0.435025871,0.079618134,0.120852128,1.724135637
130.0,4.138999939,0.659516692,1.21400857,0.014995855,0.08984752,0.182317451,1.68706584
126.0,4.356,0.557,1.245,0.129,0.093,0.134,
132.0,4.156,0.08709,0.147,0.4143,0.07564,0.30968,2.82859
140.5,3.615,0.43400000000000005,0.8109999999999999,0.2565,0.0865,0.21150000000000002,
131.0,4.119999886,0.667224824,0.873664737,0.423026294,0.02533637,0.256923944,1.577867508
124.0,4.276,0.63107,0.49353,0.40973,0.0326,0.21203,2.2002
144.0,3.845,0.0694,0.77265,0.47692,0.15639,0.19387,1.87877
133.0,4.139,0.63069,0.81928,0.0,0.10039,0.18077,2.10995
85.0,5.129,0.47038,0.91612,0.48827,0.12468,0.19591,2.6343
138.0,3.956,0.27509,0.60323,0.15412,0.18437,0.1827,2.25632
122.0,4.356,0.52267,0.7624,0.40576,0.06686,0.41328,1.88326
153.0,3.575,0.31982,0.30285,0.23414,0.09719,0.3651,1.9521
147.0,3.587,0.186,0.541,0.531,0.08,0.21,
128.0,4.39,0.385,1.105,0.327,0.052,0.153,
112.0,4.552999973,0.560479462,1.067950726,0.452763766,0.064641319,0.444860309,1.651902199
146.0,3.592999935,0.591683447,0.935382247,0.249463722,0.056767423,0.104125209,1.345600605
147.0,3.724,0.57939,0.47493,0.2287,0.05892,0.09821,1.97295
139.0,3.989,0.67866,0.6629,0.41466,0.11686,0.12388,1.68135
137.0,4.139,0.605,1.24,0.016,0.082,0.134,
136.0,3.970000029,0.233442038,0.512568831,0.466914654,0.072711654,0.28717047,2.081786156
152.0,3.515,0.32846,0.61586,0.5432,0.50521,0.23552,0.96819
155.0,3.34,0.28665,0.35386,0.4845,0.0801,0.1826,1.63328
151.0,3.470999956,0.368745893,0.945707023,0.581843853,0.455220014,0.252756029,0.540061235
105.0,4.724,0.94,1.41,0.516,0.056,0.103,
96.0,5.044,0.549,0.91,0.381,0.037,0.187,
97.0,5.057,0.25558,0.75862,0.3913,0.36794,0.51479,2.43801
115.0,4.61,0.271,1.03276,0.25861,0.08079,0.18987,2.44191
108.0,4.657,0.592,0.896,0.499,0.029,0.212,
141.0,3.931,0.21102,1.13299,0.45727,0.07267,0.29066,1.42766
111.0,4.573999882,0.964434326,1.098470807,0.520303547,0.093146972,0.077133745,1.481890202
142.0,3.766000032,1.122094154,1.221554995,0.505196333,0.098583199,0.099348448,0.377913713
116.0,4.571,0.0712,0.78968,0.28531,0.06232,0.24362,2.77729
133.0,3.957,0.562,0.942,0.379,0.07050000000000001,0.087,
115.0,4.508,0.29283,0.37932,0.36703,0.1717,0.29522,2.65614
113.0,4.574,0.93287,0.70362,0.48614,0.10398,0.07795,1.92198
137.0,3.974,1.09426,0.89186,0.44089,0.10769,0.12425,0.96741
134.0,4.121,1.15851,0.72368,0.28098,0.09314,0.06244,1.45332
119.0,4.460000038,0.339233845,0.864669204,0.408842742,0.165455714,0.31265074,2.015743732
118.0,4.465000153,1.198210239,1.155620217,0.312328577,0.076046787,0.043785378,1.322916269
138.0,4.042,0.282775,0.950615,0.2933,0.051995,0.26336,1.37769
124.0,4.436,0.45407,0.86908,0.24232,0.17461,0.219,2.11773
154.0,3.203,0.35,0.517,0.0,0.025,0.158,
126.0,4.369,0.44025,0.59207,0.46074,0.28105,0.18093,2.05125
140.0,3.956,0.23906,0.79273,0.22917,0.199,0.17441,1.95812
153.0,3.348999977,0.511135876,1.041989803,0.390017778,0.066035107,0.354256362,0.621130466
119.0,4.441,0.874,1.281,0.519,0.064,0.051,
114.0,4.628,0.138,0.774,0.318,0.102,0.188,
118.0,4.55,0.52107,1.01404,0.10081,0.1466,0.19062,2.20857
148.0,3.695,0.27954,0.46115,0.13684,0.07506,0.2204,2.15075
118.0,4.534,0.38,0.829,0.332,0.086,0.207,
144.0,3.644000053,0.305808693,0.913020372,0.189196765,0.067231975,0.20873253,1.584612608
130.0,4.181,0.1885,0.7515000000000001,0.2375,0.1465,0.1765,
153.0,3.303,0.455,0.991,0.481,0.097,0.27,
146.0,3.781,0.2852,1.00268,0.32878,0.05747,0.34377,1.38079
102.0,4.876,0.68042,0.5497,0.52168,0.22423,0.43079,2.08637
119.0,4.518,0.26673,0.74302,0.24425,0.17175,0.46187,2.24173
123.0,4.466,0.204,0.986,0.494,0.138,0.197,
127.0,4.35,0.308,0.95,0.452,0.146,0.22,
102.0,4.883,0.393,0.437,0.349,0.082,0.175,
114.0,4.545000076,0.36711055,1.123235941,0.514492035,0.188816205,0.838075161,1.115290403
119.0,4.395,0.34112,0.69981,0.42692,0.20243,0.81971,1.50655
151.0,3.408,0.332,0.896,0.636,0.444,0.2,
136.0,4.077,0.54649,0.68093,0.35571,0.07854,0.09131,1.92313
114.0,4.633,0.54558,0.67954,0.42342,0.04355,0.23087,2.30919
143.0,3.774,0.262,0.908,0.221,0.049,0.155,
80.0,5.269000053,0.726883531,0.67269069,0.235215262,0.124348067,0.315446019,2.79248929
92.0,5.132,0.68816,0.26135,0.14622,0.1388,0.31185,3.18286
103.0,4.758,1.036,1.164,0.356,0.052,0.032,
128.0,4.219,0.44314,0.77416,0.31056,0.11681,0.19103,1.97861
115.0,4.534999847,0.479309022,1.179691911,0.377922267,0.115460448,0.183468893,1.789646149
139.0,4.085,0.275,0.572,0.293,0.085,0.177,
125.0,4.419,0.36471,0.99876,0.42215,0.05839,0.37542,1.78555
146.0,3.59,1.017,1.174,0.557,0.092,0.042,
75.0,5.472,0.652,0.81,0.334,0.113,0.216,
140.0,3.907,0.55604,0.5375,0.58852,0.08092,0.40339,1.31573
138.0,4.107,0.578,1.058,0.431,0.087,0.247,
120.0,4.516,0.308,0.939,0.382,0.167,0.269,
154.0,3.465,0.22208,0.7737,0.59201,0.55191,0.22628,0.67042
130.0,4.308,0.682,1.174,0.58,0.178,0.598,
129.0,4.168000221,0.601765096,1.006238341,0.633375823,0.068105951,0.385922968,1.042941093
127.5,4.147,0.39749999999999996,1.1155,0.3835,0.08549999999999999,0.14450000000000002,
143.0,3.896,1.06024,0.90528,0.31914,0.11091,0.06822,0.99895
142.0,3.904,0.36498,0.97619,0.36772,0.10713,0.20843,1.44395
59.0,5.822000027,1.130776763,1.493149161,0.418271929,0.25927034,0.249924988,1.832909822
91.0,5.057,0.18847,0.95152,0.46582,0.39928,0.50318,2.11032
149.0,3.462,0.619,0.378,0.013,0.141,0.331,
65.0,5.658,1.08017,1.03817,0.37408,0.28467,0.22567,2.21489
122.0,4.512,0.19073,0.60406,0.4345,0.15048,0.24325,2.44876
110.0,4.623,0.72,1.034,0.626,0.174,0.23,
138.5,4.082,0.2025,0.9955,0.363,0.0465,0.2425,
147.0,3.597,0.323,0.688,0.026,0.11,0.419,
50.0,5.955999851,0.907975316,1.081417799,0.547509372,0.096581072,0.240015641,2.631955624
118.0,4.404,0.74036,0.29247,0.40285,0.08722,0.25028,2.18032
124.0,4.41,0.493,1.048,0.504,0.055,0.352,
122.0,4.315000057,0.792221248,0.754372597,0.469987005,0.092226885,0.231538489,1.519117117
52.0,5.956,0.87616,0.68655,0.51231,0.10771,0.23684,3.08039
120.0,4.433,0.549,1.088,0.696,0.065,0.256,
151.0,3.38,0.287,1.163,0.143,0.077,0.108,
147.0,3.681,0.20824,0.66801,0.19184,0.08124,0.21333,1.851
72.0,5.429999828,0.857699215,1.253917575,0.585214674,0.099331893,0.193513423,1.972604752
106.0,4.722,0.96,1.351,0.389,0.055,0.13,
59.0,5.822,0.79422,0.83779,0.50961,0.07746,0.21698,2.91635
82.0,5.279,0.81217,0.87877,0.54854,0.11757,0.21674,2.23484
58.0,5.822999954,0.833756566,1.227619052,0.558732927,0.060477726,0.225560725,2.443279028
49.0,5.956,0.807,1.101,0.593,0.089,0.183,
113.0,4.639,0.879,1.313,0.401,0.056,0.07,
129.0,4.307,0.27108,0.70905,0.44017,0.19034,0.79588,1.41805
133.0,4.19,0.721,0.747,0.539,0.093,0.172,
98.0,4.996,0.611,0.868,0.381,0.04,0.245,
122.0,4.49,0.57,1.167,0.066,0.088,0.106,
81.0,5.262000084,0.995538592,1.274444699,0.443323463,0.015317135,0.611704588,1.429476976
79.0,5.314,0.95104,0.87625,0.39237,0.00322,0.56521,2.03171
150.0,3.41,0.191,0.56,0.443,0.089,0.218,
97.0,5.011000156,0.885416389,1.340126514,0.501537681,0.17338039,0.474054545,1.140184402
84.0,5.196,0.8527,0.90836,0.46074,0.1616,0.48546,1.82916
47.0,5.971000195,0.786441088,1.54896915,0.658248663,0.246528223,0.415983647,1.816913605
153.0,3.231,0.476,0.885,0.417,0.147,0.276,
152.0,3.461999893,0.777153134,0.396102607,0.081539445,0.151347131,0.493663728,1.061573505
107.0,4.793,0.44626,0.69699,0.37012,0.07008,0.3816,2.32694
117.0,4.497000217,1.102710485,0.978613198,0.288555533,0.107215755,0.199637264,1.318907261
49.0,5.987,0.73591,1.1681,0.60848,0.28333,0.34326,2.34638
99.0,4.961999893,0.479820192,1.179283261,0.440305948,0.072975546,0.394096166,1.891241074
142.0,3.973,0.274,0.757,0.142,0.078,0.275,
82.5,5.282,0.712,1.0110000000000001,0.489,0.0735,0.123,
40.0,6.269,1.09686,0.77866,0.52234,0.12692,0.16665,3.06852
112.0,4.575,1.07474,0.59205,0.24856,0.13636,0.19589,1.81657
71.0,5.524,0.775,1.312,0.643,0.105,0.12,
81.0,5.194,0.59543,0.41411,0.12102,0.10464,0.33671,3.10709
117.0,4.565,0.64499,0.38174,0.39786,0.08492,0.26475,2.27513
68.0,5.636,1.016,1.533,0.417,0.037,0.199,
38.0,6.168000221,1.361355901,1.380228519,0.518630743,0.008964816,0.325296462,2.053247452
68.0,5.525000095,1.101803064,1.35756433,0.46573323,0.09261021,0.152073666,1.835011244
104.0,4.735000134,0.989701807,0.997471392,0.282110155,0.114381365,0.128631443,1.702161074
120.0,4.362,0.95395,0.49813,0.18847,0.10393,0.12706,1.96895
96.0,5.093,0.899,1.215,0.538,0.018,0.484,
67.0,5.615,1.06688,0.95076,0.40672,0.10339,0.17087,2.39374
55.0,5.897,0.69177,0.83132,0.25202,0.01903,0.19997,3.38007
43.0,6.168,1.32572,0.98569,0.48453,0.01241,0.31935,2.51394
97.0,5.082,0.796,1.335,0.541,0.171,0.364,
96.0,5.040999889,0.524713635,1.271463275,0.471566707,0.146377146,0.248997644,1.84904933
110.0,4.643,0.54177,0.24749,0.39778,0.12583,0.19132,2.60904
100.0,4.996,0.48835,0.75602,0.43408,0.13509,0.25998,2.39106
134.0,4.286,0.336,1.033,0.344,0.1,0.209,
110.0,4.607999802,0.586682975,0.735131741,0.478356659,0.123717859,0.172255352,1.978736162
67.0,5.653,0.677,0.886,0.313,0.098,0.22,
117.0,4.456,1.01,0.971,0.304,0.095,0.148,
148.0,3.488,1.041,1.145,0.455,0.1,0.025,
70.0,5.548,0.95847,1.22668,0.4761,0.30844,0.16979,1.86984
125.5,4.171,0.5569999999999999,0.8049999999999999,0.307,0.11099999999999999,0.33899999999999997,
51.0,5.89,0.68133,0.97841,0.57414,0.088,0.20536,2.82334
77.0,5.401,0.90145,0.66062,0.14396,0.06547,0.27992,2.80998
29.0,6.453999996,0.872001946,1.255585194,0.531310618,0.077223279,0.283488393,2.893891096
39.0,6.324,0.83454,0.87119,0.50379,0.08701,0.28808,3.19863
85.0,5.234000206,1.153601766,1.152400255,0.398155838,0.180987507,0.04526934,1.762481689
78.0,5.278999805,0.951484382,1.137853503,0.260287941,0.057471618,0.319931448,2.010540724
81.0,5.291,1.12373,0.76042,0.35327,0.17914,0.0564,2.2735
49.0,5.962999821,1.281778097,1.469282389,0.373783112,0.032962881,0.052263822,2.205607414
99.0,4.876,0.59066,0.73803,0.59591,0.24249,0.42192,1.73799
105.0,4.796,0.764,1.03,0.547,0.164,0.266,
96.0,4.9925,0.935,1.1875,0.404,0.1275,0.10400000000000001,
98.0,5.004000187,0.596220076,1.394238591,0.454943389,0.039439179,0.428580374,1.536723137
85.0,5.185,0.56044,0.95434,0.40212,0.04762,0.38432,2.28136
101.0,4.907,0.98853,1.08983,0.35972,0.03285,0.34539,1.53586
137.0,4.1465,0.492,1.0485,0.3365,0.1065,0.3675,
100.0,4.954999924,1.027235866,1.493011236,0.394143969,0.032902289,0.33846423,1.111292362
38.0,6.192,1.223,1.492,0.575,0.019,0.171,
103.0,4.775000095,0.716249228,1.155647159,0.254711062,0.089282602,0.114173174,1.878890276
108.0,4.754,0.67024,0.71629,0.17744,0.10613,0.11154,2.40364
121.0,4.514,0.35997,0.86449,0.38282,0.05907,0.32296,1.95637
107.5,4.74,0.7535,1.1585,0.2935,0.0635,0.098,
106.0,4.786,0.39047,0.85563,0.47216,0.15072,0.22974,2.11399
54.0,5.919,1.22943,0.95544,0.4052,0.11132,0.15011,2.49325
126.0,4.437,1.043,0.98,0.241,0.089,0.148,
79.0,5.253,0.77042,1.10395,0.53206,0.15445,0.47998,1.63794
86.0,5.230000019,1.079373837,1.402416706,0.552589834,0.113945253,0.18696785,1.31946516
94.0,5.125,0.914,1.517,0.395,0.032,0.253,
132.0,4.096000195,0.894651949,1.394537568,0.122974776,0.023029471,0.270061463,0.814382315
89.0,5.155,1.02787,0.99496,0.52259,0.12372,0.21286,1.69626
66.0,5.662,0.855,1.23,0.448,0.023,0.274,
115.0,4.5,0.532,0.85,0.58,0.144,0.153,
70.0,5.493000031,0.932537317,1.50728488,0.473507792,0.091065913,0.224150658,1.68533349
121.0,4.509,0.512,0.983,0.431,0.053,0.372,
90.0,5.073,0.70532,1.03516,0.62545,0.12279,0.24991,1.7536
91.0,5.181000233,0.730573118,1.143944979,0.34807986,0.073345453,0.236188874,2.065811157
70.0,5.538,0.89373,1.11111,0.46235,0.07396,0.25296,2.16091
104.0,4.871,0.69429,0.75596,0.26755,0.06906,0.2044,2.29551
123.0,4.324,0.87287,1.01413,0.12859,0.01829,0.20363,1.50066
140.0,4.015,0.755,0.765,0.498,0.085,0.2,
56.0,5.837999821,0.72887063,1.251825571,0.240729049,0.010091286,0.208779126,2.807808399
56.0,5.856,1.23228,1.05261,0.32682,0.03586,0.02736,2.59115
37.0,6.343999863,1.530623555,1.286677599,0.449750572,0.273432255,0.147616014,2.065429688
34.0,6.379,1.48953,0.84829,0.37904,0.30008,0.15457,2.61482
92.0,5.131,0.53,1.416,0.54,0.035,0.281,
73.0,5.51,0.89333,0.96372,0.43597,0.04294,0.22245,2.35682
90.0,5.151,0.84058,0.38595,0.25646,0.08404,0.04053,2.94891
36.0,6.356999874,1.070622325,1.402182937,0.477487415,0.046668742,0.149014473,2.616068125
98.0,5.045,0.97724,0.43165,0.23553,0.0817,0.03936,2.68413
46.0,6.068,0.8737,0.80975,0.37269,0.10613,0.08877,3.22134
45.0,6.002999783,0.909784496,1.182125092,0.43245253,0.08998096,0.078257985,2.714593887
31.0,6.481,1.03032,1.02169,0.44735,0.05399,0.15626,3.17471
84.0,5.235000134,0.878114581,0.774864435,0.408158332,0.087763183,0.032209955,2.456189394
44.0,6.003,0.63244,1.34043,0.65821,0.30826,0.22837,2.23741
88.0,5.199,0.474,1.166,0.292,0.034,0.187,
59.0,5.81,1.151,1.479,0.399,0.025,0.065,
109.0,4.694,0.39753,0.43106,0.4082,0.12569,0.21222,2.51767
104.0,4.743,0.642,1.217,0.266,0.076,0.086,
112.0,4.677,0.98549,0.81889,0.0,0.13788,0.17922,1.95335
100.0,4.874,0.82819,1.3006,0.43626,0.02666,0.3323,1.34759
87.0,5.201,1.024,1.161,0.43,0.176,0.031,
95.0,5.082,0.813,1.321,0.457,0.167,0.37,
74.0,5.335999966,0.991012394,1.239088893,0.418421149,0.119803272,0.17217046,1.791176558
44.0,6.096,0.719,1.584,0.724,0.259,0.328,
60.0,5.818999767,1.28455627,1.384369016,0.437454283,0.119282886,0.201964423,1.784892559
80.0,5.303,0.99673,0.86216,0.36023,0.13297,0.14262,2.20142
30.0,6.382,0.781,1.268,0.604,0.071,0.179,
40.0,6.269,0.99534,0.972,0.59657,0.13633,0.16991,2.79094
138.0,4.103,0.793,1.413,0.163,0.011,0.187,
92.0,5.013,0.73479,0.64095,0.41691,0.08546,0.07172,2.45373
145.0,3.819,0.46038,0.62736,0.66246,0.07247,0.40359,0.98195
102.0,4.804999828,1.007265806,0.86835146,0.28968069,0.086723149,0.049693357,1.89025116
117.5,4.318,0.6705,1.076,0.5665,0.2585,0.16849999999999998,
17.0,6.952,1.08754,1.03938,0.40425,0.14166,0.15776,3.50733
41.0,6.168,1.21183,1.18354,0.55884,0.0114,0.31844,2.26882
64.0,5.681,0.835,1.522,0.541,0.074,0.162,
22.0,6.635000229,1.10735321,1.431306005,0.437453747,0.111092761,0.162349895,2.769267082
135.0,4.194,0.8818,0.747,0.17288,0.06324,0.11291,1.59927
82.0,5.25,1.128431201,1.431337595,0.153997123,0.064491123,0.06501963,1.789463758
53.0,5.872000217,1.091864467,1.146217465,0.233335808,0.14609611,0.069436647,2.567603827
68.0,5.605,0.93929,1.07772,0.28579,0.17383,0.07822,2.43209
38.0,6.355,1.05266,0.83309,0.21006,0.16157,0.07044,3.40904
52.0,5.889,0.59448,1.01528,0.32818,0.01615,0.20951,3.10712
42.0,6.084000111,1.29121542,1.284646034,0.402264982,0.065600708,0.41660893,2.004448891
44.0,6.084,1.13367,1.03302,0.19847,0.08304,0.0425,2.97468
67.0,5.64,0.657,1.301,0.232,0.0,0.171,
117.0,4.415,0.97318,0.84783,0.50817,0.07964,0.46978,0.91681
72.0,5.504,0.62,1.205,0.459,0.074,0.197,
47.0,6.005,1.25142,0.88025,0.39031,0.09081,0.41474,2.35384
120.0,4.440000057,1.009850144,1.259976387,0.561213255,0.073653966,0.490863562,0.419389248
52.0,5.90199995,1.314582348,1.473516107,0.234231785,0.011865643,0.010164657,2.228440523
110.0,4.406000000000001,0.871605,0.480605,0.22207000000000002,0.112625,0.31462,1.77453
63.0,5.715000153,1.035225272,1.218770385,0.450002879,0.047049087,0.126819715,2.20726943
60.0,5.79,1.143,1.516,0.454,0.121,0.148,
61.0,5.802,1.13062,1.04993,0.29091,0.17457,0.13942,2.38582
69.0,5.589,0.80148,0.81198,0.24749,0.04741,0.2831,2.76579
39.0,6.105000019,1.632952452,1.259698749,0.496337593,0.21515955,0.228289798,1.640425205
33.0,6.371,1.379,1.331,0.509,0.127,0.098,
37.0,6.26,0.96,1.439,0.531,0.039,0.099,
88.0,5.161,1.07838,0.74173,0.15111,0.12721,0.17191,2.25531
41.0,6.239,1.61714,0.87758,0.43166,0.23669,0.15965,2.28085
109.0,4.7,0.574,1.122,0.609,0.062,0.232,
121.0,4.375999928,0.900596738,1.007483721,0.198303267,0.026674422,0.083488092,1.521499157
69.0,5.5,1.198274374,1.337753177,0.3007406,0.09967158,0.046693042,1.879277945
67.0,5.568999767,1.15655756,1.444945216,0.295400262,0.156313822,0.155137509,1.723232985
74.0,5.399,0.82827,1.08708,0.46611,0.0,0.51535,1.86399
64.0,5.629000187,1.189395547,1.20956099,0.491247326,0.042181555,0.360933751,1.697583914
54.0,5.849999905,1.260748625,1.404714942,0.325707912,0.073842727,0.153074786,1.993655205
40.0,6.167,0.806,1.231,0.461,0.082,0.065,
108.0,4.691999912,1.156873107,0.711551249,0.249322608,0.048761073,0.387242913,1.498734951
68.0,5.56,1.21788,0.95025,0.27996,0.0889,0.17445,2.20859
126.0,4.252,0.83792,0.19249,0.32461,0.3188,0.06786,1.87031
80.0,5.212,1.02389,0.93793,0.3703,0.16065,0.07799,2.00073
121.0,4.36,0.86086,0.62477,0.14037,0.03616,0.07793,1.97864
76.0,5.31099987,0.925579309,1.368218064,0.474307239,0.055267781,0.233818337,1.612325668
105.0,4.813,1.11758,0.38857,0.22544,0.0557,0.38538,1.99817
128.0,4.34,0.853,0.592,0.375,0.215,0.038,
54.0,5.855,1.12254,1.12241,0.51649,0.08454,0.11827,2.24729
137.0,4.166,0.913,1.039,0.241,0.067,0.076,
43.0,6.123,0.74553,1.04356,0.57733,0.09472,0.27489,2.74255
92.0,5.175000191,1.064577937,1.207893014,0.325905979,0.060277794,0.253760964,1.617469311
90.0,5.161,0.822,1.265,0.468,0.134,0.13,
86.0,5.177,1.03437,0.81329,0.15718,0.04339,0.20737,2.27539
60.0,5.813,1.2692,1.06411,0.18929,0.0182,0.02025,2.60525
78.0,5.389,1.16492,0.87717,0.23889,0.12348,0.04707,2.29074
32.0,6.423999786,1.127868772,1.425792456,0.580200732,0.031612735,0.57212311,2.039508343
95.0,5.121,1.0193,0.78236,0.27668,0.07047,0.23507,2.08947
33.0,6.474,1.0893,1.04477,0.49553,0.02833,0.58696,2.5796
125.0,4.285999775,0.950612664,0.570614934,0.309410036,0.251666635,0.054008815,1.500137806
73.0,5.394999981,1.069317579,1.258189797,0.208715528,0.040903781,0.220125884,1.947084427
77.0,5.286,0.47428,1.15115,0.43477,0.04232,0.3003,2.2327
48.0,5.992,0.69384,0.89521,0.46582,0.16292,0.29773,2.82428
94.0,5.073999882,0.788547575,1.277491331,0.571055591,0.087633237,0.234968051,1.462318659
43.0,6.071000099,0.737299204,1.28721571,0.447551847,0.130687982,0.301674217,2.513930559
41.0,6.086999893,1.488412261,1.323110461,0.536746919,0.25704217,0.172668487,1.656149387
42.0,6.218,1.44024,0.94397,0.47375,0.25772,0.17147,2.27405
86.0,5.228000000000001,0.9516666666666667,1.4333333333333333,0.36166666666666664,0.06233333333333333,0.139,
92.0,5.192,0.931,1.203,0.491,0.028,0.498,
108.0,4.715,0.59867,0.92558,0.24499,0.12905,0.11251,2.04384
53.0,5.878,0.75985,1.30477,0.53899,0.08242,0.3424,2.18896
96.0,5.061,0.74037,0.79117,0.55954,0.11556,0.25075,1.9418
66.0,5.648,1.14372,0.75695,0.46145,0.05203,0.36951,2.20223
129.0,4.321,0.816,0.99,0.26,0.028,0.077,
83.0,5.285,0.948,1.531,0.317,0.038,0.235,
83.0,5.236999989,1.121129036,1.238376498,0.194989055,0.088174194,0.197911024,1.729191542
98.0,4.885,0.89537,1.17202,0.57672,0.14234,0.21684,1.21305
60.0,5.788,0.97,1.0275,0.40800000000000003,0.0665,0.1685,
64.0,5.716,1.13764,1.23617,0.36679,0.03005,0.00199,2.27394
20.0,6.774,2.096,0.776,0.284,,0.186,
53.0,5.933,1.148,1.454,0.363,0.066,0.092,
113.0,4.5835,0.7875000000000001,1.2805,0.40499999999999997,0.058,0.205,
72.0,5.525,1.044,1.303,0.416,0.152,0.133,
111.0,4.681,0.79907,1.20278,0.25123,0.02961,0.15275,1.5714
65.0,5.663,0.934,1.249,0.53,0.034,0.092,
36.5,6.2509999999999994,1.23,1.3875,0.5235000000000001,0.097,0.1385,
71.0,5.528,1.1697,0.72803,0.36712,0.00679,0.12889,2.45184
91.0,5.145,1.24142,0.93164,0.1977,0.04472,0.099,1.95473
100.0,4.913,0.446,1.226,0.439,0.089,0.285,
42.0,6.13,0.76454,1.02507,0.4035,0.11776,0.10692,3.035
129.0,4.217,1.11306,0.92542,0.21219,0.00615,0.12793,1.15377
72.0,5.517,1.27964,1.05163,0.41511,0.18519,0.08423,1.81985
55.0,5.891,1.09,1.387,0.584,0.05,0.245,
78.0,5.398,0.975,1.369,0.288,0.043,0.134,
57.0,5.824999809,1.217683911,1.15009129,0.457003742,0.004387901,0.133519918,2.176831484
44.0,6.007999897,1.000820398,1.286168814,0.455198199,0.140134647,0.150112465,2.290352583
74.0,5.483,1.148,1.38,0.324,0.109,0.106,
51.0,5.976,0.97306,0.85974,0.4027,0.18037,0.10074,2.77366
84.0,5.295,0.979,1.154,0.077,0.135,0.055,
65.0,5.709,0.81038,1.15102,0.50442,0.02299,0.2123,2.32038
75.0,5.323999882,1.286011934,1.343133092,0.175863519,0.036636937,0.078401662,1.716459274
111.0,4.592,0.9,0.906,0.271,0.063,0.04,
57.0,5.835,1.24585,1.04685,0.4519,0.055,0.14443,2.20035
33.0,6.477,0.91861,1.24018,0.53466,0.0512,0.18401,2.85737
97.5,4.946,1.009,1.0050000000000001,0.4265,0.0905,0.22749999999999998,
56.0,5.89,0.819,1.493,0.575,0.031,0.096,
105.0,4.788,0.59532,0.95348,0.40148,0.06825,0.23027,1.84408
24.0,6.598999977,1.185295463,1.440451145,0.494519204,0.059739888,0.109457061,2.614005327
66.0,5.611000061,1.32087934,1.4766711,0.47913143,0.183248922,0.098890811,1.357508659
82.0,5.192,0.90198,1.05392,0.40661,0.14293,0.11053,1.87996
16.0,6.983,0.98124,1.23287,0.49049,0.17521,0.14574,3.26001
26.0,6.65,1.15137,1.06612,0.42284,0.07296,0.10989,3.12985
43.0,6.105,1.338,1.366,0.594,0.123,0.243,
110.0,4.686,1.0088,0.54447,0.30033,0.05863,0.38086,1.6944
46.0,5.97300005,1.291787863,1.44571197,0.520342112,0.059307806,0.158465967,1.797722816
57.0,5.811999999999999,0.8534999999999999,1.4085,0.41700000000000004,0.14100000000000001,0.1545,
77.0,5.293000221,1.222556233,0.967983007,0.255772293,0.04310311,0.248002976,1.854492426
95.0,5.103,0.715,1.365,0.618,0.079,0.177,
45.0,6.078,1.27973,1.08268,0.23391,0.02947,0.13837,2.61065
63.0,5.754,1.13145,1.11862,0.41668,0.11023,0.18295,2.09066
90.0,5.18200016,0.982409418,1.069335938,0.204403177,0.0,0.328867495,1.892172575
74.0,5.488,1.18649,0.60809,0.23907,0.04002,0.18434,2.52462
61.0,5.779,0.776,1.209,0.511,0.064,0.137,
30.0,6.452000141,1.233748436,1.373192549,0.550026834,0.070983924,0.210556939,2.307199955
46.0,6.072,1.016,1.417,0.637,0.029,0.364,
87.0,5.163,0.93383,0.64367,0.09511,0.0,0.29889,2.48406
132.0,4.271,0.83524,1.01905,0.53726,0.09179,0.40828,0.67108
105.0,4.714000225,1.161459088,1.434379458,0.289231718,0.011051531,0.113177694,0.996139288
25.0,6.701,1.18306,0.98912,0.48927,0.08423,0.2418,3.00559
71.0,5.477,1.00761,0.98521,0.56066,0.07521,0.37744,1.76145
25.0,6.578000069,1.153183818,1.21086216,0.412730008,0.132774115,0.120990433,2.837154865
35.0,6.375,1.870765686,1.27429688,0.604130983,0.439299256,0.33047387,1.14546442
21.0,6.778,1.11508,0.7146,0.37709,0.18355,0.11735,3.55906
100.0,4.933,1.054,1.515,0.359,0.009,0.064,
40.0,6.09800005,1.325393558,1.505059242,0.295817465,0.024210852,0.136544481,2.097776651
39.0,6.192,1.231,1.477,0.489,0.016,0.185,
50.0,5.952,1.197,1.527,0.35,0.006,0.026,
36.0,6.375,1.82427,0.87964,0.56679,0.48049,0.32388,1.58224
74.0,5.467,0.493,1.098,0.389,0.144,0.23,
28.0,6.453999996,1.217559695,1.412227869,0.579392254,0.178061873,0.175096929,2.172409534
35.0,6.411,1.39541,1.08393,0.31048,0.32524,0.13706,2.43872
23.0,6.81,1.04424,1.25596,0.42908,0.11069,0.05841,3.19131
29.0,6.545,1.18157,1.03143,0.54388,0.21394,0.18056,2.67139
156.0,3.006,0.6632,0.47489,0.15684,0.18906,0.47179,0.32858
105.5,4.8585,0.5565,1.183,0.5175000000000001,0.08299999999999999,0.23299999999999998,
61.0,5.77,1.12486,1.07023,0.53024,0.10501,0.33075,1.88541
89.0,5.098,1.11312,1.09562,0.29671,0.06332,0.18226,1.62215
39.0,6.295,1.55422,1.16594,0.55499,0.25609,0.16228,1.87634
82.0,5.192,0.97438,0.90557,0.1826,0.14296,0.1614,2.10017
60.0,5.7965,1.1495000000000002,1.3355000000000001,0.43100000000000005,0.016,0.08499999999999999,
21.0,6.647999763,1.626343369,1.266410232,0.60834527,0.324489564,0.360941947,1.734703541
70.5,5.578,1.095,1.3935,0.3345,0.0885,0.1285,
130.0,4.297,0.7419,0.38562,0.40577,0.38331,0.05547,1.59541
127.0,4.35,0.76821,0.77711,0.19847,0.039,0.07855,1.75873
28.0,6.573,1.57352,0.87114,0.56215,0.35561,0.26591,2.21507
109.0,4.655,0.9553,0.50163,0.31866,0.05301,0.1684,1.92816
58.0,5.824,0.90019,0.97459,0.41496,0.05989,0.14982,2.5945
109.0,4.644000053,0.996192753,0.803685248,0.381498635,0.039864216,0.201312944,1.490441561
56.0,5.833,1.14723,1.25745,0.21342,0.01031,0.02641,2.44649
76.0,5.332,1.06098,0.94632,0.22815,0.15746,0.12253,2.08528
69.0,5.62,1.171,1.401,0.259,0.022,0.061,
88.0,5.224999905,1.074987531,1.129624248,0.288515985,0.03751383,0.264450759,1.695073843
93.0,5.007,0.91851,1.00232,0.33457,0.05327,0.22359,1.73933
83.0,5.245,1.0278,0.79381,0.44012,0.02745,0.04959,2.17087
48.0,5.973,0.889,1.33,0.556,0.12,0.114,
59.0,5.813,1.03192,1.23289,0.37938,0.1909,0.11046,2.1309
72.5,5.529999999999999,1.1575,1.3465,0.4665,0.1065,0.103,
107.0,4.739,0.88113,0.60429,0.26268,0.06358,0.06431,2.12466
34.0,6.455,0.9669,1.26504,0.55664,0.03187,0.5763,2.31945
102.0,4.9305,0.7525,1.359,0.2115,0.005,0.184,
79.0,5.272999763,1.081165791,1.160837412,0.472787708,0.022794275,0.028806841,1.764938593
57.0,5.828,0.59325,1.14184,0.55475,0.19317,0.27815,2.32407
29.0,6.388,1.073,1.468,0.57,0.054,0.062,
27.0,6.436,0.8,1.269,0.535,0.078,0.175,
75.0,5.36,0.63216,0.91226,0.59444,0.10441,0.1686,2.20173
49.0,5.96,1.32376,1.21624,0.45492,0.306,0.17362,1.73797
32.0,6.374,1.649,1.303,0.654,0.171,0.256,
87.0,5.123,0.92053,1.00964,0.20107,0.02617,0.19231,2.025
119.0,4.519,0.886,0.666,0.346,0.164,0.043,
23.0,6.609000206,1.352682352,1.433885217,0.490946174,0.036872927,0.088106759,2.451861858
41.0,6.174,0.745,1.529,0.631,0.24,0.322,
69.5,5.6145,0.8985000000000001,1.155,0.3845,0.003,0.239,
27.0,6.43,1.112,1.438,0.597,0.063,0.125,
104.0,4.8,1.12094,1.20215,0.32112,0.02758,0.128,1.24074
12.0,7.078999996,1.109706283,1.416403651,0.58013165,0.100106589,0.214613229,2.898639202
24.0,6.488,1.038,1.252,0.479,0.095,0.069,
14.0,7.087,1.06879,1.02152,0.55225,0.10547,0.22553,3.35168
93.0,5.129,1.12268,0.64184,0.26228,0.03061,0.23693,2.07339
22.0,6.853,1.36011,1.08182,0.63274,0.32524,0.21542,2.47489
27.0,6.596,1.30915,1.00793,0.41418,0.03986,0.09929,2.96211
134.0,4.218,1.01216,1.10614,0.30587,0.00872,0.11921,0.89991
86.0,5.124,1.04345,0.88588,0.35068,0.00649,0.13748,1.93129
90.0,5.208,1.043,1.147,0.351,0.182,0.035,
31.0,6.379,1.093,1.459,0.625,0.155,0.13,
73.0,5.429,1.15174,1.22791,0.44888,0.15184,0.0868,1.58782
14.0,6.993000031,1.546259284,1.419920564,0.505740523,0.135638788,0.392578781,2.218113422
39.0,6.173,1.21,1.537,0.354,0.014,0.118,
63.0,5.743,0.855,1.475,0.514,0.08,0.184,
15.0,7.039,1.35943,1.08113,0.46823,0.12275,0.22202,3.0076
45.0,6.2645,1.26148,1.22441,0.489315,0.12484,0.26188500000000003,2.72782
60.0,5.791,1.12555,1.27948,0.53122,0.04212,0.16759,1.86565
42.0,6.123,1.176,1.448,0.546,0.064,0.108,
89.0,5.208,0.801,0.782,0.418,0.076,0.036,
95.0,5.039,1.0223333333333333,1.0603333333333333,0.298,0.125,0.18566666666666665,
30.0,6.574,1.05351,1.24823,0.44974,0.08484,0.11451,2.836
62.0,5.759,1.08254,0.79624,0.25883,0.0243,0.05444,2.75414
58.0,5.788,0.9305,1.3535,0.3325,0.10799999999999998,0.0935,
45.0,5.995,1.16891,1.26999,0.31751,0.03431,0.16893,2.24639
112.0,4.586,0.916,0.817,0.419,0.032,0.149,
48.0,5.975,0.86402,0.99903,0.48574,0.1809,0.11541,2.53942
96.0,4.949,0.83223,0.91916,0.09245,0.00227,0.24808,2.06367
62.0,5.757999897,1.341205955,1.452518821,0.572575808,0.045128979,0.242649093,1.313317299
63.0,5.768,1.29947,1.05613,0.53164,0.03635,0.25738,1.79522
2.0,7.521999836,1.482383013,1.551121593,0.626006722,0.400770068,0.355280489,2.313707352
94.0,5.123,1.27607,0.94367,0.44727,0.01521,0.11691,1.53015
33.0,6.421999931,1.433626533,1.384565353,0.361466587,0.063829236,0.258360475,2.126607418
28.0,6.375,1.403,1.357,0.439,0.132,0.08,
1.0,7.526,1.44178,1.16374,0.57941,0.44453,0.36171,2.73939
34.0,6.379,1.39729,0.92624,0.32377,0.0663,0.25495,2.61523
4.0,7.498,1.57744,1.1269,0.59609,0.35776,0.37895,2.66465
89.0,5.195000172,1.315175295,1.367043018,0.4984653,0.015869452,0.095102713,1.107682705
25.0,6.786,1.06353,1.1985,0.5421,0.0927,0.24434,2.84848
1.0,7.537000179,1.616463184,1.53352356,0.635422587,0.315963835,0.362012237,2.277026653
28.0,6.611,1.69042,1.0786,0.6404,0.52208,0.32573,1.55674
57.0,5.888,1.12,1.402,0.498,0.06,0.215,
16.0,6.951000214,1.487923384,1.472520351,0.562511384,0.276731938,0.33626917,2.015769958
86.0,5.246,0.989,1.142,0.597,0.103,0.029,
99.0,5.033,1.24886,0.75473,0.05822,0.04127,0.0,2.12944
32.0,6.3,1.004,1.439,0.39,0.086,0.099,
30.0,6.488,1.30782,1.09879,0.54994,0.17554,0.56237,1.99032
108.0,4.707,0.96,1.427,0.154,0.047,0.064,
19.0,6.714000225,1.44163394,1.49646008,0.508190036,0.265428066,0.492774159,1.704143524
12.0,7.119,1.45038,1.08383,0.54355,0.21348,0.32865,2.69343
51.666666666666664,5.956666666666667,1.2713333333333334,1.3366666666666667,0.373,0.08800000000000001,0.14066666666666666,
5.0,7.468999863,1.443571925,1.540246725,0.617950857,0.382611543,0.245482773,2.430181503
20.0,6.901,1.42727,1.12575,0.64157,0.38583,0.26428,2.24743
15.0,6.977000237,1.535706639,1.558231115,0.573110342,0.298388153,0.427858323,1.773869038
23.0,6.725,1.40283,1.08672,0.50036,0.27399,0.50156,2.14999
87.0,5.227000237,1.289487481,1.239414573,0.095731251,0.043289777,0.0,1.749221563
6.0,7.376999855,1.503944635,1.428939223,0.585384488,0.282661825,0.47048983,2.294804096
5.0,7.413,1.40598,1.13464,0.57104,0.41004,0.25492,2.82596
32.0,6.485,1.06166,1.2089,0.60362,0.24558,0.2324,2.32142
53.0,5.94,1.187,1.465,0.264,0.064,0.075,
7.0,7.339,1.46468,1.02912,0.55211,0.29927,0.47416,2.70749
95.0,4.959,0.87867,0.80434,0.35733,0.06413,0.14272,1.89894
14.0,7.187,1.02054,0.91451,0.48181,0.21312,0.14074,3.60214
19.0,6.907,1.48341,1.16157,0.54008,0.29754,0.44963,2.15988
16.0,6.994,1.44787,1.09774,0.53466,0.28551,0.30452,2.50931
105.8,4.8268,0.9374,1.2034,0.272,0.05600000000000001,0.10219999999999999,
13.0,7.006000042,1.487097263,1.459944963,0.56776619,0.221060365,0.316472322,2.138506413
84.0,5.14,0.89012,0.94675,0.51697,0.02781,0.08185,1.8604
8.0,7.31400013,1.405706048,1.548195124,0.61406213,0.382816702,0.500005126,2.046456337
13.0,7.072,1.01,1.459,0.632,0.101,0.143,
42.0,6.149,1.238,1.515,0.291,0.042,0.043,
17.0,6.890999794,1.463780761,1.462312698,0.539770722,0.251343131,0.231503338,2.124210358
24.0,6.705,1.2167,0.90587,0.37789,0.11451,0.31595,2.95505
18.0,6.886,1.398,1.471,0.547,0.133,0.291,
20.0,6.65199995,1.25278461,1.284024954,0.376895279,0.082287982,0.326662421,2.509585857
18.0,6.929,1.42539,1.05249,0.51354,0.26248,0.2424,2.61355
27.0,6.52699995,1.343279839,1.488411665,0.588767052,0.153066069,0.574730575,1.556862831
34.5,6.4475,1.3325,1.271,0.53,0.0935,0.17250000000000001,
6.0,7.404,1.44015,1.0961,0.5737,0.31329,0.44834,2.70485
63.25,5.741250000000001,1.0285000000000002,1.3065,0.44275000000000003,0.0375,0.2365,
9.0,7.28399992,1.494387269,1.478162169,0.612924099,0.384398729,0.385399252,2.097537994
8.0,7.334,1.36066,1.17278,0.58147,0.41904,0.49401,2.47553
93.0,5.128,0.8899999999999999,1.3715,0.48,0.0375,0.1755,
10.0,7.291,1.45181,1.08764,0.58218,0.40867,0.38254,2.54734
3.0,7.504000187,1.48063302,1.610574007,0.627162635,0.153526559,0.475540221,2.322715282
7.0,7.315999985,1.479204416,1.481348991,0.611100912,0.287371516,0.435539722,2.187264442
61.0,5.809999943,1.346911311,1.186303377,0.471203625,0.155353352,0.266845703,1.549157619
45.0,6.105,0.694,1.325,0.435,0.127,0.2,
32.0,6.478,1.39488,1.00508,0.46562,0.17808,0.1216,2.4744
84.0,5.274,0.983,1.294,0.345,0.034,0.185,
11.0,7.212999821,1.375382423,1.376289964,0.405988604,0.0852421,0.330082655,2.801757336
103.0,4.839,1.02564,0.80001,0.33916,0.04582,0.21854,1.57059
43.0,6.125,0.985,1.41,0.47,0.034,0.099,
62.0,5.771,1.31141,0.81826,0.43596,0.16578,0.26322,1.93447
10.0,7.28399992,1.484414935,1.510041952,0.601607382,0.30118373,0.47769925,2.065210819
31.0,6.441999912,1.430923462,1.387776852,0.470222116,0.172502428,0.129762307,2.005954742
65.0,5.620999813,1.355938077,1.131363273,0.355111539,0.041237976,0.271254301,1.621249199
31.0,6.505,1.17898,1.20643,0.46364,0.02652,0.10686,2.67782
78.0,5.386,0.945,1.212,0.212,0.006,0.263,
18.0,6.862999916,1.741943598,1.457583666,0.596627891,0.318834424,0.283180982,1.619512081
20.0,6.871,1.69752,1.03999,0.5487,0.35329,0.27571,2.11055
69.0,5.546,1.31857,0.70697,0.29507,0.05228,0.27906,2.04497
11.0,7.267,1.33766,0.99537,0.36432,0.08728,0.32288,3.31029
94.0,5.175,0.741,1.346,0.543,0.073,0.147,
50.0,5.977,1.35495,1.04167,0.18827,0.02556,0.16684,2.34918
9.0,7.313,1.44443,1.10476,0.56837,0.32331,0.47407,2.5465
48.0,5.964000225,1.395066619,1.444923282,0.256450713,0.028028091,0.172789648,1.813312054
52.0,6.003666666666668,1.0656666666666668,1.382,0.4266666666666667,0.03333333333333333,0.09466666666666668,
51.0,5.948,1.219,1.506,0.633,0.051,0.16,
26.0,6.441,1.365,1.436,0.418,0.078,0.151,
4.0,7.493999958,1.564979553,1.516911745,0.620070577,0.367007285,0.290549278,2.276716232
27.0,6.67,1.10715,1.12447,0.44132,0.12869,0.33363,2.67585
12.0,7.226,0.95578,1.23788,0.63376,0.10583,0.25497,3.17728
13.333333333333334,7.051333333333333,1.2886666666666668,1.4596666666666664,0.5683333333333334,0.231,0.21099999999999997,
15.0,7.119,1.39451,1.24711,0.54604,0.1589,0.40105,2.51011
2.0,7.509,1.52733,1.14524,0.58557,0.41203,0.28083,2.69463
3.0,7.501,1.42666,1.18326,0.56624,0.14975,0.47678,2.83137
26.5,6.791499999999999,1.1315,1.451,0.5905,0.2475,0.205,
46.333333333333336,6.032,1.3656666666666668,1.3473333333333333,0.4293333333333334,0.11900000000000001,0.20566666666666666,
55.0,5.848,1.18498,1.27385,0.60855,0.03787,0.25328,1.61583
45.5,6.284000000000001,1.2305,1.35625,0.50325,0.17725000000000002,0.19075000000000003,
3.0,7.527,1.32548,1.36058,0.64938,0.48357,0.34139,2.49204
88.0,5.102,1.15991,1.13935,0.51469,0.01078,0.13719,1.26462
38.0,6.298,1.29098,1.07617,0.3974,0.08129,0.25376,2.32323
11.0,7.1505,1.358,1.592,0.6415,0.34750000000000003,0.33599999999999997,
6.0,7.441,1.361,1.488,0.638,0.295,0.333,
37.0,6.361,1.34253,1.12945,0.37545,0.06137,0.17665,2.39663
79.0,5.358,1.154,1.202,0.131,0.044,0.0,
42.5,6.142,1.169,1.468,0.40249999999999997,0.032,0.0935,
102.0,4.857,1.15406,0.92933,0.07699,0.01397,0.0,1.80101
19.0,6.814,1.301,1.559,0.533,0.272,0.354,
46.333333333333336,6.073,1.2213333333333334,1.4639999999999997,0.5633333333333334,0.06966666666666665,0.18266666666666667,
4.0,7.522,1.459,1.33095,0.66973,0.36503,0.34699,2.46531
57.0,5.835,1.35948,0.72194,0.25168,0.07716,0.18824,2.35015
37.0,6.302,1.2074,1.30203,0.60365,0.13586,0.51752,1.6488
11.0,7.19,1.244,1.433,0.464,0.082,0.262,
34.0,6.402999878,1.384397864,1.532090902,0.40878123,0.070914097,0.190133572,1.92775774
6.0,7.406,1.29025,1.31826,0.64169,0.41372,0.23351,2.61955
13.0,7.2,1.33723,1.29704,0.62433,0.18676,0.33088,2.5332
22.5,6.716,1.2325,1.4845000000000002,0.5700000000000001,0.187,0.1845,
26.0,6.75,1.32792,1.29937,0.61477,0.21843,0.28214,2.11569
7.0,7.378,1.32944,1.28017,0.61576,0.31814,0.4761,2.4657
93.0,5.191,1.029,1.125,0.521,0.1,0.058,
16.0,6.927,1.324,1.483,0.583,0.24,0.188,
18.0,6.94,1.33596,1.36948,0.61777,0.28703,0.45901,1.9757
12.0,7.119,1.453,1.526,0.6425000000000001,0.306,0.2585,
19.0,6.937,1.30782,1.28566,0.5845,0.2254,0.2225,2.41484
55.0,5.837999821,1.401678443,1.128274441,0.257921666,0.063282669,0.206674367,1.880378008
5.0,7.427,1.32629,1.32261,0.63297,0.32957,0.45811,2.45176
23.0,6.489,1.293,1.466,0.52,0.176,0.098,
9.0,7.286,1.25018,1.31967,0.63938,0.42922,0.47501,2.26425
59.5,5.7985,1.229,1.201,0.45899999999999996,0.0945,0.1905,
21.0,6.867,1.26637,1.28548,0.59625,0.32067,0.51912,1.96994
20.5,6.7965,1.2445,1.5074999999999998,0.5815,0.178,0.235,
8.0,7.364,1.33171,1.28907,0.6598,0.43844,0.36262,2.37119
9.0,7.314,1.355,1.501,0.659,0.383,0.285,
51.0,5.920000076,1.416915178,1.436337829,0.505625546,0.163760737,0.120572768,1.363223553
11.0,7.278,1.22857,1.22393,0.41319,0.07785,0.33172,3.08854
34.666666666666664,6.4576666666666656,1.2886666666666668,1.4466666666666665,0.44133333333333336,0.08566666666666667,0.238,
53.0,5.921,1.38007,1.06054,0.46761,0.18985,0.10224,1.80584
17.0,6.946,1.56391,1.21963,0.61583,0.37798,0.28034,1.96961
23.0,6.648,1.214,1.428,0.40700000000000003,0.046,0.11649999999999999,
66.5,5.692,1.208095,0.98163,0.448495,0.10213,0.284035,1.7440950000000002
5.0,7.487,1.42,1.549,0.66,0.357,0.256,
10.0,7.284,1.33358,1.30923,0.65124,0.35637,0.43562,2.26646
1.0,7.587,1.39651,1.34951,0.66557,0.41978,0.29678,2.51738
71.0,5.472000122,1.551674843,1.262790918,0.490968645,0.293933749,0.374465793,0.554633141
29.0,6.575,1.27778,1.26038,0.55011,0.20646,0.12332,2.21126
47.0,6.0,1.264,1.501,0.281,0.028,0.137,
22.0,6.739,1.64555,0.86758,0.4877,0.46987,0.32706,1.99375
2.0,7.561,1.30232,1.40223,0.62877,0.14145,0.4363,2.70201
26.0,6.572000027,1.69227767,1.353814363,0.549840569,0.464307785,0.345965981,1.216362
75.0,5.458,1.5107,0.87021,0.48079,0.31647,0.40097,0.92614
44.0,6.118,1.258,1.523,0.564,0.057,0.144,
50.0,5.948,1.25114,1.19777,0.26236,0.02901,0.22823,2.02518
57.0,5.875,1.266,1.204,0.244,0.051,0.175,
36.0,6.329,1.23011,1.31379,0.45951,0.06398,0.18227,2.12367
12.0,7.167,1.034,1.441,0.558,0.093,0.144,
36.0,6.31,1.251,1.538,0.449,0.074,0.142,
47.0,5.984,1.24461,0.95774,0.33208,0.07857,0.18557,2.21978
9.5,7.346,1.348,1.5455,0.5345,0.3015,0.1565,
17.0,6.985,1.373,1.454,0.495,0.265,0.261,
54.0,5.915,1.294,1.462,0.553,0.15,0.079,
46.0,5.987,1.27074,1.25712,0.49615,0.1806,0.10705,1.68435
8.5,7.327,1.358,1.5554999999999999,0.521,0.344,0.3,
38.2,6.443,1.3194000000000001,1.4364000000000001,0.4424,0.16360000000000002,0.2084,
34.0,6.343,1.529,1.451,0.631,0.457,0.261,
7.0,7.343,1.387,1.487,0.574,0.373,0.267,
14.0,7.09,1.609,1.479,0.526,0.316,0.194,
72.0,5.474,1.38604,1.05818,0.59608,0.37124,0.39478,0.65429
10.0,7.246,1.376,1.475,0.532,0.226,0.244,
24.0,6.798,1.52186,1.02,0.54252,0.4921,0.31105,1.88501
6.0,7.4005,1.3415,1.5905,0.588,0.249,0.34199999999999997,
3.0,7.554,1.488,1.582,0.603,0.341,0.271,
13.0,7.139,1.276,1.455,0.371,0.082,0.261,
76.0,5.43,1.405,1.29,0.524,0.291,0.246,
32.5,6.5615,1.3365,1.3835000000000002,0.35800000000000004,0.173,0.2535,
22.5,6.7505,1.3295,1.4965,0.4075,0.16899999999999998,0.22149999999999997,
56.5,5.882,1.263,1.2375,0.4115,0.1015,0.1905,
24.0,6.592,1.324,1.472,0.436,0.183,0.111,
6.0,7.48,1.452,1.526,0.572,0.343,0.263,
30.0,6.354,1.286,1.484,0.362,0.079,0.153,
58.0,5.886,1.327,1.419,0.445,0.14,0.069,
76.0,5.43,1.438,1.277,0.44,0.287,0.258,
34.0,6.262,1.572,1.463,0.556,0.453,0.271,
