ID,Country,Region,Happiness Rank,Happiness Score,Lower Confidence Interval,Upper Confidence Interval,Standard Error,Economy (GDP per Capita),Family,Health (Life Expectancy),Freedom,Trust (Government Corruption),Generosity,Dystopia Residual,Year
1,Switzerland,Western Europe,1,7.587,,,0.03411,1.39651,1.34951,0.94143,0.66557,0.41978,0.29678,2.51738,2015
2,Iceland,Western Europe,2,7.561,,,0.04884,1.30232,1.40223,0.94784,0.62877,0.14145,0.4363,2.70201,2015
3,Denmark,Western Europe,3,7.527,,,0.03328,1.32548,1.36058,0.87464,0.64938,0.48357,0.34139,2.49204,2015
4,Norway,Western Europe,4,7.522,,,0.0388,1.459,1.33095,0.88521,0.66973,0.36503,0.34699,2.46531,2015
5,Canada,North America,5,7.427,,,0.03553,1.32629,1.32261,0.90563,0.63297,0.32957,0.45811,2.45176,2015
6,Finland,Western Europe,6,7.406,,,0.0314,1.29025,1.31826,0.88911,0.64169,0.41372,0.23351,2.61955,2015
7,Netherlands,Western Europe,7,7.378,,,0.02799,1.32944,1.28017,0.89284,0.61576,0.31814,0.4761,2.4657,2015
8,Sweden,Western Europe,8,7.364,,,0.03157,1.33171,1.28907,0.91087,0.6598,0.43844,0.36262,2.37119,2015
9,New Zealand,Australia and New Zealand,9,7.286,,,0.03371,1.25018,1.31967,0.90837,0.63938,0.42922,0.47501,2.26425,2015
10,Australia,Australia and New Zealand,10,7.284,,,0.04083,1.33358,1.30923,0.93156,0.65124,0.35637,0.43562,2.26646,2015
11,Israel,Middle East and Northern Africa,11,7.278,,,0.0347,1.22857,1.22393,0.91387,0.41319,0.07785,0.33172,3.08854,2015
12,Costa Rica,Latin America and Caribbean,12,7.226,,,0.04454,0.95578,1.23788,0.86027,0.63376,0.10583,0.25497,3.17728,2015
13,Austria,Western Europe,13,7.2,,,0.03751,1.33723,1.29704,0.89042,0.62433,0.18676,0.33088,2.5332,2015
14,Mexico,Latin America and Caribbean,14,7.187,,,0.04176,1.02054,0.91451,0.81444,0.48181,0.21312,0.14074,3.60214,2015
15,United States,North America,15,7.119,,,0.03839,1.39451,1.24711,0.86179,0.54604,0.1589,0.40105,2.51011,2015
16,Brazil,Latin America and Caribbean,16,6.983,,,0.04076,0.98124,1.23287,0.69702,0.49049,0.17521,0.14574,3.26001,2015
17,Luxembourg,Western Europe,17,6.946,,,0.03499,1.56391,1.21963,0.91894,0.61583,0.37798,0.28034,1.96961,2015
18,Ireland,Western Europe,18,6.94,,,0.03676,1.33596,1.36948,0.89533,0.61777,0.28703,0.45901,1.9757,2015
19,Belgium,Western Europe,19,6.937,,,0.03595,1.30782,1.28566,0.89667,0.5845,0.2254,0.2225,2.41484,2015
20,United Arab Emirates,Middle East and Northern Africa,20,6.901,,,0.03729,1.42727,1.12575,0.80925,0.64157,0.38583,0.26428,2.24743,2015
21,United Kingdom,Western Europe,21,6.867,,,0.01866,1.26637,1.28548,0.90943,0.59625,0.32067,0.51912,1.96994,2015
22,Oman,Middle East and Northern Africa,22,6.853,,,0.05335,1.36011,1.08182,0.76276,0.63274,0.32524,0.21542,2.47489,2015
23,Venezuela,Latin America and Caribbean,23,6.81,,,0.06476,1.04424,1.25596,0.72052,0.42908,0.11069,0.05841,3.19131,2015
24,Singapore,Southeastern Asia,24,6.798,,,0.0378,1.52186,1.02,1.02525,0.54252,0.4921,0.31105,1.88501,2015
25,Panama,Latin America and Caribbean,25,6.786,,,0.0491,1.06353,1.1985,0.79661,0.5421,0.0927,0.24434,2.84848,2015
26,Germany,Western Europe,26,6.75,,,0.01848,1.32792,1.29937,0.89186,0.61477,0.21843,0.28214,2.11569,2015
27,Chile,Latin America and Caribbean,27,6.67,,,0.058,1.10715,1.12447,0.85857,0.44132,0.12869,0.33363,2.67585,2015
28,Qatar,Middle East and Northern Africa,28,6.611,,,0.06257,1.69042,1.0786,0.79733,0.6404,0.52208,0.32573,1.55674,2015
29,France,Western Europe,29,6.575,,,0.03512,1.27778,1.26038,0.94579,0.55011,0.20646,0.12332,2.21126,2015
30,Argentina,Latin America and Caribbean,30,6.574,,,0.04612,1.05351,1.24823,0.78723,0.44974,0.08484,0.11451,2.836,2015
31,Czech Republic,Central and Eastern Europe,31,6.505,,,0.04168,1.17898,1.20643,0.84483,0.46364,0.02652,0.10686,2.67782,2015
32,Uruguay,Latin America and Caribbean,32,6.485,,,0.04539,1.06166,1.2089,0.8116,0.60362,0.24558,0.2324,2.32142,2015
33,Colombia,Latin America and Caribbean,33,6.477,,,0.05051,0.91861,1.24018,0.69077,0.53466,0.0512,0.18401,2.85737,2015
34,Thailand,Southeastern Asia,34,6.455,,,0.03557,0.9669,1.26504,0.7385,0.55664,0.03187,0.5763,2.31945,2015
35,Saudi Arabia,Middle East and Northern Africa,35,6.411,,,0.04633,1.39541,1.08393,0.72025,0.31048,0.32524,0.13706,2.43872,2015
36,Spain,Western Europe,36,6.329,,,0.03468,1.23011,1.31379,0.95562,0.45951,0.06398,0.18227,2.12367,2015
37,Malta,Western Europe,37,6.302,,,0.04206,1.2074,1.30203,0.88721,0.60365,0.13586,0.51752,1.6488,2015
38,Taiwan,Eastern Asia,38,6.298,,,0.03868,1.29098,1.07617,0.8753,0.3974,0.08129,0.25376,2.32323,2015
39,Kuwait,Middle East and Northern Africa,39,6.295,,,0.04456,1.55422,1.16594,0.72492,0.55499,0.25609,0.16228,1.87634,2015
40,Suriname,Latin America and Caribbean,40,6.269,,,0.09811,0.99534,0.972,0.6082,0.59657,0.13633,0.16991,2.79094,2015
41,Trinidad and Tobago,Latin America and Caribbean,41,6.168,,,0.10895,1.21183,1.18354,0.61483,0.55884,0.0114,0.31844,2.26882,2015
42,El Salvador,Latin America and Caribbean,42,6.13,,,0.05618,0.76454,1.02507,0.67737,0.4035,0.11776,0.10692,3.035,2015
43,Guatemala,Latin America and Caribbean,43,6.123,,,0.05224,0.74553,1.04356,0.64425,0.57733,0.09472,0.27489,2.74255,2015
44,Uzbekistan,Central and Eastern Europe,44,6.003,,,0.04361,0.63244,1.34043,0.59772,0.65821,0.30826,0.22837,2.23741,2015
45,Slovakia,Central and Eastern Europe,45,5.995,,,0.04267,1.16891,1.26999,0.78902,0.31751,0.03431,0.16893,2.24639,2015
46,Japan,Eastern Asia,46,5.987,,,0.03581,1.27074,1.25712,0.99111,0.49615,0.1806,0.10705,1.68435,2015
47,South Korea,Eastern Asia,47,5.984,,,0.04098,1.24461,0.95774,0.96538,0.33208,0.07857,0.18557,2.21978,2015
48,Ecuador,Latin America and Caribbean,48,5.975,,,0.04528,0.86402,0.99903,0.79075,0.48574,0.1809,0.11541,2.53942,2015
49,Bahrain,Middle East and Northern Africa,49,5.96,,,0.05412,1.32376,1.21624,0.74716,0.45492,0.306,0.17362,1.73797,2015
50,Italy,Western Europe,50,5.948,,,0.03914,1.25114,1.19777,0.95446,0.26236,0.02901,0.22823,2.02518,2015
51,Bolivia,Latin America and Caribbean,51,5.89,,,0.05642,0.68133,0.97841,0.5392,0.57414,0.088,0.20536,2.82334,2015
52,Moldova,Central and Eastern Europe,52,5.889,,,0.03799,0.59448,1.01528,0.61826,0.32818,0.01615,0.20951,3.10712,2015
53,Paraguay,Latin America and Caribbean,53,5.878,,,0.04563,0.75985,1.30477,0.66098,0.53899,0.08242,0.3424,2.18896,2015
54,Kazakhstan,Central and Eastern Europe,54,5.855,,,0.04114,1.12254,1.12241,0.64368,0.51649,0.08454,0.11827,2.24729,2015
55,Slovenia,Central and Eastern Europe,55,5.848,,,0.04251,1.18498,1.27385,0.87337,0.60855,0.03787,0.25328,1.61583,2015
56,Lithuania,Central and Eastern Europe,56,5.833,,,0.03843,1.14723,1.25745,0.73128,0.21342,0.01031,0.02641,2.44649,2015
57,Nicaragua,Latin America and Caribbean,57,5.828,,,0.05371,0.59325,1.14184,0.74314,0.55475,0.19317,0.27815,2.32407,2015
58,Peru,Latin America and Caribbean,58,5.824,,,0.04615,0.90019,0.97459,0.73017,0.41496,0.05989,0.14982,2.5945,2015
59,Belarus,Central and Eastern Europe,59,5.813,,,0.03938,1.03192,1.23289,0.73608,0.37938,0.1909,0.11046,2.1309,2015
60,Poland,Central and Eastern Europe,60,5.791,,,0.04263,1.12555,1.27948,0.77903,0.53122,0.04212,0.16759,1.86565,2015
61,Malaysia,Southeastern Asia,61,5.77,,,0.0433,1.12486,1.07023,0.72394,0.53024,0.10501,0.33075,1.88541,2015
62,Croatia,Central and Eastern Europe,62,5.759,,,0.04394,1.08254,0.79624,0.78805,0.25883,0.0243,0.05444,2.75414,2015
63,Libya,Middle East and Northern Africa,63,5.754,,,0.07832,1.13145,1.11862,0.7038,0.41668,0.11023,0.18295,2.09066,2015
64,Russia,Central and Eastern Europe,64,5.716,,,0.03135,1.13764,1.23617,0.66926,0.36679,0.03005,0.00199,2.27394,2015
65,Jamaica,Latin America and Caribbean,65,5.709,,,0.13693,0.81038,1.15102,0.68741,0.50442,0.02299,0.2123,2.32038,2015
66,North Cyprus,Western Europe,66,5.695,,,0.05635,1.20806,1.07008,0.92356,0.49027,0.1428,0.26169,1.59888,2015
67,Cyprus,Western Europe,67,5.689,,,0.0558,1.20813,0.89318,0.92356,0.40672,0.06146,0.30638,1.88931,2015
68,Algeria,Middle East and Northern Africa,68,5.605,,,0.05099,0.93929,1.07772,0.61766,0.28579,0.17383,0.07822,2.43209,2015
69,Kosovo,Central and Eastern Europe,69,5.589,,,0.05018,0.80148,0.81198,0.63132,0.24749,0.04741,0.2831,2.76579,2015
70,Turkmenistan,Central and Eastern Europe,70,5.548,,,0.04175,0.95847,1.22668,0.53886,0.4761,0.30844,0.16979,1.86984,2015
71,Mauritius,Sub-Saharan Africa,71,5.477,,,0.07197,1.00761,0.98521,0.7095,0.56066,0.07521,0.37744,1.76145,2015
72,Hong Kong,Eastern Asia,72,5.474,,,0.05051,1.38604,1.05818,1.01328,0.59608,0.37124,0.39478,0.65429,2015
73,Estonia,Central and Eastern Europe,73,5.429,,,0.04013,1.15174,1.22791,0.77361,0.44888,0.15184,0.0868,1.58782,2015
74,Indonesia,Southeastern Asia,74,5.399,,,0.02596,0.82827,1.08708,0.63793,0.46611,0,0.51535,1.86399,2015
75,Vietnam,Southeastern Asia,75,5.36,,,0.03107,0.63216,0.91226,0.74676,0.59444,0.10441,0.1686,2.20173,2015
76,Turkey,Middle East and Northern Africa,76,5.332,,,0.03864,1.06098,0.94632,0.73172,0.22815,0.15746,0.12253,2.08528,2015
77,Kyrgyzstan,Central and Eastern Europe,77,5.286,,,0.03823,0.47428,1.15115,0.65088,0.43477,0.04232,0.3003,2.2327,2015
78,Nigeria,Sub-Saharan Africa,78,5.268,,,0.04192,0.65435,0.90432,0.16007,0.34334,0.0403,0.27233,2.89319,2015
79,Bhutan,Southern Asia,79,5.253,,,0.03225,0.77042,1.10395,0.57407,0.53206,0.15445,0.47998,1.63794,2015
80,Azerbaijan,Central and Eastern Europe,80,5.212,,,0.03363,1.02389,0.93793,0.64045,0.3703,0.16065,0.07799,2.00073,2015
81,Pakistan,Southern Asia,81,5.194,,,0.03726,0.59543,0.41411,0.51466,0.12102,0.10464,0.33671,3.10709,2015
82,Jordan,Middle East and Northern Africa,82,5.192,,,0.04524,0.90198,1.05392,0.69639,0.40661,0.14293,0.11053,1.87996,2015
83,Montenegro,Central and Eastern Europe,82,5.192,,,0.05235,0.97438,0.90557,0.72521,0.1826,0.14296,0.1614,2.10017,2015
84,China,Eastern Asia,84,5.14,,,0.02424,0.89012,0.94675,0.81658,0.51697,0.02781,0.08185,1.8604,2015
85,Zambia,Sub-Saharan Africa,85,5.129,,,0.06988,0.47038,0.91612,0.29924,0.48827,0.12468,0.19591,2.6343,2015
86,Romania,Central and Eastern Europe,86,5.124,,,0.06607,1.04345,0.88588,0.7689,0.35068,0.00649,0.13748,1.93129,2015
87,Serbia,Central and Eastern Europe,87,5.123,,,0.04864,0.92053,1.00964,0.74836,0.20107,0.02617,0.19231,2.025,2015
88,Portugal,Western Europe,88,5.102,,,0.04802,1.15991,1.13935,0.87519,0.51469,0.01078,0.13719,1.26462,2015
89,Latvia,Central and Eastern Europe,89,5.098,,,0.0464,1.11312,1.09562,0.72437,0.29671,0.06332,0.18226,1.62215,2015
90,Philippines,Southeastern Asia,90,5.073,,,0.04934,0.70532,1.03516,0.58114,0.62545,0.12279,0.24991,1.7536,2015
91,Somaliland region,Sub-Saharan Africa,91,5.057,,,0.06161,0.18847,0.95152,0.43873,0.46582,0.39928,0.50318,2.11032,2015
92,Morocco,Middle East and Northern Africa,92,5.013,,,0.0342,0.73479,0.64095,0.60954,0.41691,0.08546,0.07172,2.45373,2015
93,Macedonia,Central and Eastern Europe,93,5.007,,,0.05376,0.91851,1.00232,0.73545,0.33457,0.05327,0.22359,1.73933,2015
94,Mozambique,Sub-Saharan Africa,94,4.971,,,0.07896,0.08308,1.02626,0.09131,0.34037,0.15603,0.22269,3.05137,2015
95,Albania,Central and Eastern Europe,95,4.959,,,0.05013,0.87867,0.80434,0.81325,0.35733,0.06413,0.14272,1.89894,2015
96,Bosnia and Herzegovina,Central and Eastern Europe,96,4.949,,,0.06913,0.83223,0.91916,0.79081,0.09245,0.00227,0.24808,2.06367,2015
97,Lesotho,Sub-Saharan Africa,97,4.898,,,0.09438,0.37545,1.04103,0.07612,0.31767,0.12504,0.16388,2.79832,2015
98,Dominican Republic,Latin America and Caribbean,98,4.885,,,0.07446,0.89537,1.17202,0.66825,0.57672,0.14234,0.21684,1.21305,2015
99,Laos,Southeastern Asia,99,4.876,,,0.06698,0.59066,0.73803,0.54909,0.59591,0.24249,0.42192,1.73799,2015
100,Mongolia,Eastern Asia,100,4.874,,,0.03313,0.82819,1.3006,0.60268,0.43626,0.02666,0.3323,1.34759,2015
101,Swaziland,Sub-Saharan Africa,101,4.867,,,0.08742,0.71206,1.07284,0.07566,0.30658,0.0306,0.18259,2.48676,2015
102,Greece,Western Europe,102,4.857,,,0.05062,1.15406,0.92933,0.88213,0.07699,0.01397,0,1.80101,2015
103,Lebanon,Middle East and Northern Africa,103,4.839,,,0.04337,1.02564,0.80001,0.83947,0.33916,0.04582,0.21854,1.57059,2015
104,Hungary,Central and Eastern Europe,104,4.8,,,0.06107,1.12094,1.20215,0.75905,0.32112,0.02758,0.128,1.24074,2015
105,Honduras,Latin America and Caribbean,105,4.788,,,0.05648,0.59532,0.95348,0.6951,0.40148,0.06825,0.23027,1.84408,2015
106,Tajikistan,Central and Eastern Europe,106,4.786,,,0.03198,0.39047,0.85563,0.57379,0.47216,0.15072,0.22974,2.11399,2015
107,Tunisia,Middle East and Northern Africa,107,4.739,,,0.03589,0.88113,0.60429,0.73793,0.26268,0.06358,0.06431,2.12466,2015
108,Palestinian Territories,Middle East and Northern Africa,108,4.715,,,0.04394,0.59867,0.92558,0.66015,0.24499,0.12905,0.11251,2.04384,2015
109,Bangladesh,Southern Asia,109,4.694,,,0.03077,0.39753,0.43106,0.60164,0.4082,0.12569,0.21222,2.51767,2015
110,Iran,Middle East and Northern Africa,110,4.686,,,0.04449,1.0088,0.54447,0.69805,0.30033,0.05863,0.38086,1.6944,2015
111,Ukraine,Central and Eastern Europe,111,4.681,,,0.04412,0.79907,1.20278,0.6739,0.25123,0.02961,0.15275,1.5714,2015
112,Iraq,Middle East and Northern Africa,112,4.677,,,0.05232,0.98549,0.81889,0.60237,0,0.13788,0.17922,1.95335,2015
113,South Africa,Sub-Saharan Africa,113,4.642,,,0.04585,0.92049,1.18468,0.27688,0.33207,0.08884,0.11973,1.71956,2015
114,Ghana,Sub-Saharan Africa,114,4.633,,,0.04742,0.54558,0.67954,0.40132,0.42342,0.04355,0.23087,2.30919,2015
115,Zimbabwe,Sub-Saharan Africa,115,4.61,,,0.0429,0.271,1.03276,0.33475,0.25861,0.08079,0.18987,2.44191,2015
116,Liberia,Sub-Saharan Africa,116,4.571,,,0.11068,0.0712,0.78968,0.34201,0.28531,0.06232,0.24362,2.77729,2015
117,India,Southern Asia,117,4.565,,,0.02043,0.64499,0.38174,0.51529,0.39786,0.08492,0.26475,2.27513,2015
118,Sudan,Sub-Saharan Africa,118,4.55,,,0.0674,0.52107,1.01404,0.36878,0.10081,0.1466,0.19062,2.20857,2015
119,Haiti,Latin America and Caribbean,119,4.518,,,0.07331,0.26673,0.74302,0.38847,0.24425,0.17175,0.46187,2.24173,2015
120,Congo (Kinshasa),Sub-Saharan Africa,120,4.517,,,0.0368,0,1.0012,0.09806,0.22605,0.07625,0.24834,2.86712,2015
121,Nepal,Southern Asia,121,4.514,,,0.03607,0.35997,0.86449,0.56874,0.38282,0.05907,0.32296,1.95637,2015
122,Ethiopia,Sub-Saharan Africa,122,4.512,,,0.0378,0.19073,0.60406,0.44055,0.4345,0.15048,0.24325,2.44876,2015
123,Sierra Leone,Sub-Saharan Africa,123,4.507,,,0.07068,0.33024,0.95571,0,0.4084,0.08786,0.21488,2.51009,2015
124,Mauritania,Sub-Saharan Africa,124,4.436,,,0.03947,0.45407,0.86908,0.35874,0.24232,0.17461,0.219,2.11773,2015
125,Kenya,Sub-Saharan Africa,125,4.419,,,0.04734,0.36471,0.99876,0.41435,0.42215,0.05839,0.37542,1.78555,2015
126,Djibouti,Sub-Saharan Africa,126,4.369,,,0.08096,0.44025,0.59207,0.36291,0.46074,0.28105,0.18093,2.05125,2015
127,Armenia,Central and Eastern Europe,127,4.35,,,0.04763,0.76821,0.77711,0.7299,0.19847,0.039,0.07855,1.75873,2015
128,Botswana,Sub-Saharan Africa,128,4.332,,,0.04934,0.99355,1.10464,0.04776,0.49495,0.12474,0.10461,1.46181,2015
129,Myanmar,Southeastern Asia,129,4.307,,,0.04351,0.27108,0.70905,0.48246,0.44017,0.19034,0.79588,1.41805,2015
130,Georgia,Central and Eastern Europe,130,4.297,,,0.04221,0.7419,0.38562,0.72926,0.40577,0.38331,0.05547,1.59541,2015
131,Malawi,Sub-Saharan Africa,131,4.292,,,0.0613,0.01604,0.41134,0.22562,0.43054,0.06977,0.33128,2.80791,2015
132,Sri Lanka,Southern Asia,132,4.271,,,0.03751,0.83524,1.01905,0.70806,0.53726,0.09179,0.40828,0.67108,2015
133,Cameroon,Sub-Saharan Africa,133,4.252,,,0.04678,0.4225,0.88767,0.23402,0.49309,0.05786,0.20618,1.95071,2015
134,Bulgaria,Central and Eastern Europe,134,4.218,,,0.04828,1.01216,1.10614,0.76649,0.30587,0.00872,0.11921,0.89991,2015
135,Egypt,Middle East and Northern Africa,135,4.194,,,0.0326,0.8818,0.747,0.61712,0.17288,0.06324,0.11291,1.59927,2015
136,Yemen,Middle East and Northern Africa,136,4.077,,,0.04367,0.54649,0.68093,0.40064,0.35571,0.07854,0.09131,1.92313,2015
137,Angola,Sub-Saharan Africa,137,4.033,,,0.04758,0.75778,0.8604,0.16683,0.10384,0.07122,0.12344,1.94939,2015
138,Mali,Sub-Saharan Africa,138,3.995,,,0.05602,0.26074,1.03526,0.20583,0.38857,0.12352,0.18798,1.79293,2015
139,Congo (Brazzaville),Sub-Saharan Africa,139,3.989,,,0.06682,0.67866,0.6629,0.31051,0.41466,0.11686,0.12388,1.68135,2015
140,Comoros,Sub-Saharan Africa,140,3.956,,,0.04797,0.23906,0.79273,0.36315,0.22917,0.199,0.17441,1.95812,2015
141,Uganda,Sub-Saharan Africa,141,3.931,,,0.04317,0.21102,1.13299,0.33861,0.45727,0.07267,0.29066,1.42766,2015
142,Senegal,Sub-Saharan Africa,142,3.904,,,0.03608,0.36498,0.97619,0.4354,0.36772,0.10713,0.20843,1.44395,2015
143,Gabon,Sub-Saharan Africa,143,3.896,,,0.04547,1.06024,0.90528,0.43372,0.31914,0.11091,0.06822,0.99895,2015
144,Niger,Sub-Saharan Africa,144,3.845,,,0.03602,0.0694,0.77265,0.29707,0.47692,0.15639,0.19387,1.87877,2015
145,Cambodia,Southeastern Asia,145,3.819,,,0.05069,0.46038,0.62736,0.61114,0.66246,0.07247,0.40359,0.98195,2015
146,Tanzania,Sub-Saharan Africa,146,3.781,,,0.05061,0.2852,1.00268,0.38215,0.32878,0.05747,0.34377,1.38079,2015
147,Madagascar,Sub-Saharan Africa,147,3.681,,,0.03633,0.20824,0.66801,0.46721,0.19184,0.08124,0.21333,1.851,2015
148,Central African Republic,Sub-Saharan Africa,148,3.678,,,0.06112,0.0785,0,0.06699,0.48879,0.08289,0.23835,2.7223,2015
149,Chad,Sub-Saharan Africa,149,3.667,,,0.0383,0.34193,0.76062,0.1501,0.23501,0.05269,0.18386,1.94296,2015
150,Guinea,Sub-Saharan Africa,150,3.656,,,0.0359,0.17417,0.46475,0.24009,0.37725,0.12139,0.28657,1.99172,2015
151,Ivory Coast,Sub-Saharan Africa,151,3.655,,,0.05141,0.46534,0.77115,0.15185,0.46866,0.17922,0.20165,1.41723,2015
152,Burkina Faso,Sub-Saharan Africa,152,3.587,,,0.04324,0.25812,0.85188,0.27125,0.39493,0.12832,0.21747,1.46494,2015
153,Afghanistan,Southern Asia,153,3.575,,,0.03084,0.31982,0.30285,0.30335,0.23414,0.09719,0.3651,1.9521,2015
154,Rwanda,Sub-Saharan Africa,154,3.465,,,0.03464,0.22208,0.7737,0.42864,0.59201,0.55191,0.22628,0.67042,2015
155,Benin,Sub-Saharan Africa,155,3.34,,,0.03656,0.28665,0.35386,0.3191,0.4845,0.0801,0.1826,1.63328,2015
156,Syria,Middle East and Northern Africa,156,3.006,,,0.05015,0.6632,0.47489,0.72193,0.15684,0.18906,0.47179,0.32858,2015
157,Burundi,Sub-Saharan Africa,157,2.905,,,0.08658,0.0153,0.41587,0.22396,0.1185,0.10062,0.19727,1.83302,2015
158,Togo,Sub-Saharan Africa,158,2.839,,,0.06727,0.20868,0.13995,0.28443,0.36453,0.10731,0.16681,1.56726,2015
159,Denmark,Western Europe,1,7.526,7.46,7.592,,1.44178,1.16374,0.79504,0.57941,0.44453,0.36171,2.73939,2016
160,Switzerland,Western Europe,2,7.509,7.428,7.59,,1.52733,1.14524,0.86303,0.58557,0.41203,0.28083,2.69463,2016
161,Iceland,Western Europe,3,7.501,7.333,7.669,,1.42666,1.18326,0.86733,0.56624,0.14975,0.47678,2.83137,2016
162,Norway,Western Europe,4,7.498,7.421,7.575,,1.57744,1.1269,0.79579,0.59609,0.35776,0.37895,2.66465,2016
163,Finland,Western Europe,5,7.413,7.351,7.475,,1.40598,1.13464,0.81091,0.57104,0.41004,0.25492,2.82596,2016
164,Canada,North America,6,7.404,7.335,7.473,,1.44015,1.0961,0.8276,0.5737,0.31329,0.44834,2.70485,2016
165,Netherlands,Western Europe,7,7.339,7.284,7.394,,1.46468,1.02912,0.81231,0.55211,0.29927,0.47416,2.70749,2016
166,New Zealand,Australia and New Zealand,8,7.334,7.264,7.404,,1.36066,1.17278,0.83096,0.58147,0.41904,0.49401,2.47553,2016
167,Australia,Australia and New Zealand,9,7.313,7.241,7.385,,1.44443,1.10476,0.8512,0.56837,0.32331,0.47407,2.5465,2016
168,Sweden,Western Europe,10,7.291,7.227,7.355,,1.45181,1.08764,0.83121,0.58218,0.40867,0.38254,2.54734,2016
169,Israel,Middle East and Northern Africa,11,7.267,7.199,7.335,,1.33766,0.99537,0.84917,0.36432,0.08728,0.32288,3.31029,2016
170,Austria,Western Europe,12,7.119,7.045,7.193,,1.45038,1.08383,0.80565,0.54355,0.21348,0.32865,2.69343,2016
171,United States,North America,13,7.104,7.02,7.188,,1.50796,1.04782,0.779,0.48163,0.14868,0.41077,2.72782,2016
172,Costa Rica,Latin America and Caribbean,14,7.087,6.999,7.175,,1.06879,1.02152,0.76146,0.55225,0.10547,0.22553,3.35168,2016
173,Puerto Rico,Latin America and Caribbean,15,7.039,6.794,7.284,,1.35943,1.08113,0.77758,0.46823,0.12275,0.22202,3.0076,2016
174,Germany,Western Europe,16,6.994,6.93,7.058,,1.44787,1.09774,0.81487,0.53466,0.28551,0.30452,2.50931,2016
175,Brazil,Latin America and Caribbean,17,6.952,6.875,7.029,,1.08754,1.03938,0.61415,0.40425,0.14166,0.15776,3.50733,2016
176,Belgium,Western Europe,18,6.929,6.861,6.997,,1.42539,1.05249,0.81959,0.51354,0.26248,0.2424,2.61355,2016
177,Ireland,Western Europe,19,6.907,6.836,6.978,,1.48341,1.16157,0.81455,0.54008,0.29754,0.44963,2.15988,2016
178,Luxembourg,Western Europe,20,6.871,6.804,6.938,,1.69752,1.03999,0.84542,0.5487,0.35329,0.27571,2.11055,2016
179,Mexico,Latin America and Caribbean,21,6.778,6.68,6.876,,1.11508,0.7146,0.71143,0.37709,0.18355,0.11735,3.55906,2016
180,Singapore,Southeastern Asia,22,6.739,6.674,6.804,,1.64555,0.86758,0.94719,0.4877,0.46987,0.32706,1.99375,2016
181,United Kingdom,Western Europe,23,6.725,6.647,6.803,,1.40283,1.08672,0.80991,0.50036,0.27399,0.50156,2.14999,2016
182,Chile,Latin America and Caribbean,24,6.705,6.615,6.795,,1.2167,0.90587,0.81883,0.37789,0.11451,0.31595,2.95505,2016
183,Panama,Latin America and Caribbean,25,6.701,6.601,6.801,,1.18306,0.98912,0.70835,0.48927,0.08423,0.2418,3.00559,2016
184,Argentina,Latin America and Caribbean,26,6.65,6.56,6.74,,1.15137,1.06612,0.69711,0.42284,0.07296,0.10989,3.12985,2016
185,Czech Republic,Central and Eastern Europe,27,6.596,6.515,6.677,,1.30915,1.00793,0.76376,0.41418,0.03986,0.09929,2.96211,2016
186,United Arab Emirates,Middle East and Northern Africa,28,6.573,6.494,6.652,,1.57352,0.87114,0.72993,0.56215,0.35561,0.26591,2.21507,2016
187,Uruguay,Latin America and Caribbean,29,6.545,6.456,6.634,,1.18157,1.03143,0.72183,0.54388,0.21394,0.18056,2.67139,2016
188,Malta,Western Europe,30,6.488,6.409,6.567,,1.30782,1.09879,0.80315,0.54994,0.17554,0.56237,1.99032,2016
189,Colombia,Latin America and Caribbean,31,6.481,6.384,6.578,,1.03032,1.02169,0.59659,0.44735,0.05399,0.15626,3.17471,2016
190,France,Western Europe,32,6.478,6.397,6.559,,1.39488,1.00508,0.83795,0.46562,0.17808,0.1216,2.4744,2016
191,Thailand,Southeastern Asia,33,6.474,6.396,6.552,,1.0893,1.04477,0.64915,0.49553,0.02833,0.58696,2.5796,2016
192,Saudi Arabia,Middle East and Northern Africa,34,6.379,6.287,6.471,,1.48953,0.84829,0.59267,0.37904,0.30008,0.15457,2.61482,2016
193,Taiwan,Eastern Asia,34,6.379,6.305,6.453,,1.39729,0.92624,0.79565,0.32377,0.0663,0.25495,2.61523,2016
194,Qatar,Middle East and Northern Africa,36,6.375,6.178,6.572,,1.82427,0.87964,0.71723,0.56679,0.48049,0.32388,1.58224,2016
195,Spain,Western Europe,37,6.361,6.288,6.434,,1.34253,1.12945,0.87896,0.37545,0.06137,0.17665,2.39663,2016
196,Algeria,Middle East and Northern Africa,38,6.355,6.227,6.483,,1.05266,0.83309,0.61804,0.21006,0.16157,0.07044,3.40904,2016
197,Guatemala,Latin America and Caribbean,39,6.324,6.213,6.435,,0.83454,0.87119,0.54039,0.50379,0.08701,0.28808,3.19863,2016
198,Suriname,Latin America and Caribbean,40,6.269,6.073,6.465,,1.09686,0.77866,0.50933,0.52234,0.12692,0.16665,3.06852,2016
199,Kuwait,Middle East and Northern Africa,41,6.239,6.154,6.324,,1.61714,0.87758,0.63569,0.43166,0.23669,0.15965,2.28085,2016
200,Bahrain,Middle East and Northern Africa,42,6.218,6.128,6.308,,1.44024,0.94397,0.65696,0.47375,0.25772,0.17147,2.27405,2016
201,Trinidad and Tobago,Latin America and Caribbean,43,6.168,5.95,6.386,,1.32572,0.98569,0.52608,0.48453,0.01241,0.31935,2.51394,2016
202,Venezuela,Latin America and Caribbean,44,6.084,5.973,6.195,,1.13367,1.03302,0.61904,0.19847,0.08304,0.0425,2.97468,2016
203,Slovakia,Central and Eastern Europe,45,6.078,5.996,6.16,,1.27973,1.08268,0.70367,0.23391,0.02947,0.13837,2.61065,2016
204,El Salvador,Latin America and Caribbean,46,6.068,5.967,6.169,,0.8737,0.80975,0.596,0.37269,0.10613,0.08877,3.22134,2016
205,Malaysia,Southeastern Asia,47,6.005,5.921,6.089,,1.25142,0.88025,0.62366,0.39031,0.09081,0.41474,2.35384,2016
206,Nicaragua,Latin America and Caribbean,48,5.992,5.877,6.107,,0.69384,0.89521,0.65213,0.46582,0.16292,0.29773,2.82428,2016
207,Uzbekistan,Central and Eastern Europe,49,5.987,5.896,6.078,,0.73591,1.1681,0.50163,0.60848,0.28333,0.34326,2.34638,2016
208,Italy,Western Europe,50,5.977,5.898,6.056,,1.35495,1.04167,0.85102,0.18827,0.02556,0.16684,2.34918,2016
209,Ecuador,Latin America and Caribbean,51,5.976,5.88,6.072,,0.97306,0.85974,0.68613,0.4027,0.18037,0.10074,2.77366,2016
210,Belize,Latin America and Caribbean,52,5.956,5.71,6.202,,0.87616,0.68655,0.45569,0.51231,0.10771,0.23684,3.08039,2016
211,Japan,Eastern Asia,53,5.921,5.85,5.992,,1.38007,1.06054,0.91491,0.46761,0.18985,0.10224,1.80584,2016
212,Kazakhstan,Central and Eastern Europe,54,5.919,5.837,6.001,,1.22943,0.95544,0.57386,0.4052,0.11132,0.15011,2.49325,2016
213,Moldova,Central and Eastern Europe,55,5.897,5.823,5.971,,0.69177,0.83132,0.52309,0.25202,0.01903,0.19997,3.38007,2016
214,Russia,Central and Eastern Europe,56,5.856,5.789,5.923,,1.23228,1.05261,0.58991,0.32682,0.03586,0.02736,2.59115,2016
215,Poland,Central and Eastern Europe,57,5.835,5.749,5.921,,1.24585,1.04685,0.69058,0.4519,0.055,0.14443,2.20035,2016
216,South Korea,Eastern Asia,57,5.835,5.747,5.923,,1.35948,0.72194,0.88645,0.25168,0.07716,0.18824,2.35015,2016
217,Bolivia,Latin America and Caribbean,59,5.822,5.74,5.904,,0.79422,0.83779,0.4697,0.50961,0.07746,0.21698,2.91635,2016
218,Lithuania,Central and Eastern Europe,60,5.813,5.734,5.892,,1.2692,1.06411,0.64674,0.18929,0.0182,0.02025,2.60525,2016
219,Belarus,Central and Eastern Europe,61,5.802,5.723,5.881,,1.13062,1.04993,0.63104,0.29091,0.17457,0.13942,2.38582,2016
220,North Cyprus,Western Europe,62,5.771,5.67,5.872,,1.31141,0.81826,0.84142,0.43596,0.16578,0.26322,1.93447,2016
221,Slovenia,Central and Eastern Europe,63,5.768,5.683,5.853,,1.29947,1.05613,0.79151,0.53164,0.03635,0.25738,1.79522,2016
222,Peru,Latin America and Caribbean,64,5.743,5.647,5.839,,0.99602,0.81255,0.62994,0.37502,0.05292,0.14527,2.73117,2016
223,Turkmenistan,Central and Eastern Europe,65,5.658,5.58,5.736,,1.08017,1.03817,0.44006,0.37408,0.28467,0.22567,2.21489,2016
224,Mauritius,Sub-Saharan Africa,66,5.648,5.507,5.789,,1.14372,0.75695,0.66189,0.46145,0.05203,0.36951,2.20223,2016
225,Libya,Middle East and Northern Africa,67,5.615,5.406,5.824,,1.06688,0.95076,0.52304,0.40672,0.10339,0.17087,2.39374,2016
226,Latvia,Central and Eastern Europe,68,5.56,5.486,5.634,,1.21788,0.95025,0.63952,0.27996,0.0889,0.17445,2.20859,2016
227,Cyprus,Western Europe,69,5.546,5.442,5.65,,1.31857,0.70697,0.8488,0.29507,0.05228,0.27906,2.04497,2016
228,Paraguay,Latin America and Caribbean,70,5.538,5.453,5.623,,0.89373,1.11111,0.58295,0.46235,0.07396,0.25296,2.16091,2016
229,Romania,Central and Eastern Europe,71,5.528,5.427,5.629,,1.1697,0.72803,0.67602,0.36712,0.00679,0.12889,2.45184,2016
230,Estonia,Central and Eastern Europe,72,5.517,5.437,5.597,,1.27964,1.05163,0.68098,0.41511,0.18519,0.08423,1.81985,2016
231,Jamaica,Latin America and Caribbean,73,5.51,5.315,5.705,,0.89333,0.96372,0.59469,0.43597,0.04294,0.22245,2.35682,2016
232,Croatia,Central and Eastern Europe,74,5.488,5.402,5.574,,1.18649,0.60809,0.70524,0.23907,0.04002,0.18434,2.52462,2016
233,Hong Kong,Eastern Asia,75,5.458,5.362,5.554,,1.5107,0.87021,0.95277,0.48079,0.31647,0.40097,0.92614,2016
234,Somalia,Sub-Saharan Africa,76,5.44,5.321,5.559,,0,0.33613,0.11466,0.56778,0.3118,0.27225,3.83772,2016
235,Kosovo,Central and Eastern Europe,77,5.401,5.308,5.494,,0.90145,0.66062,0.54,0.14396,0.06547,0.27992,2.80998,2016
236,Turkey,Middle East and Northern Africa,78,5.389,5.295,5.483,,1.16492,0.87717,0.64718,0.23889,0.12348,0.04707,2.29074,2016
237,Indonesia,Southeastern Asia,79,5.314,5.237,5.391,,0.95104,0.87625,0.49374,0.39237,0.00322,0.56521,2.03171,2016
238,Jordan,Middle East and Northern Africa,80,5.303,5.187,5.419,,0.99673,0.86216,0.60712,0.36023,0.13297,0.14262,2.20142,2016
239,Azerbaijan,Central and Eastern Europe,81,5.291,5.226,5.356,,1.12373,0.76042,0.54504,0.35327,0.17914,0.0564,2.2735,2016
240,Philippines,Southeastern Asia,82,5.279,5.16,5.398,,0.81217,0.87877,0.47036,0.54854,0.11757,0.21674,2.23484,2016
241,China,Eastern Asia,83,5.245,5.199,5.291,,1.0278,0.79381,0.73561,0.44012,0.02745,0.04959,2.17087,2016
242,Bhutan,Southern Asia,84,5.196,5.138,5.254,,0.8527,0.90836,0.49759,0.46074,0.1616,0.48546,1.82916,2016
243,Kyrgyzstan,Central and Eastern Europe,85,5.185,5.103,5.267,,0.56044,0.95434,0.55449,0.40212,0.04762,0.38432,2.28136,2016
244,Serbia,Central and Eastern Europe,86,5.177,5.083,5.271,,1.03437,0.81329,0.6458,0.15718,0.04339,0.20737,2.27539,2016
245,Bosnia and Herzegovina,Central and Eastern Europe,87,5.163,5.063,5.263,,0.93383,0.64367,0.70766,0.09511,0,0.29889,2.48406,2016
246,Montenegro,Central and Eastern Europe,88,5.161,5.055,5.267,,1.07838,0.74173,0.63533,0.15111,0.12721,0.17191,2.25531,2016
247,Dominican Republic,Latin America and Caribbean,89,5.155,5.037,5.273,,1.02787,0.99496,0.57669,0.52259,0.12372,0.21286,1.69626,2016
248,Morocco,Middle East and Northern Africa,90,5.151,5.058,5.244,,0.84058,0.38595,0.59471,0.25646,0.08404,0.04053,2.94891,2016
249,Hungary,Central and Eastern Europe,91,5.145,5.056,5.234,,1.24142,0.93164,0.67608,0.1977,0.04472,0.099,1.95473,2016
250,Pakistan,Southern Asia,92,5.132,5.038,5.226,,0.68816,0.26135,0.40306,0.14622,0.1388,0.31185,3.18286,2016
251,Lebanon,Middle East and Northern Africa,93,5.129,5.031,5.227,,1.12268,0.64184,0.76171,0.26228,0.03061,0.23693,2.07339,2016
252,Portugal,Western Europe,94,5.123,5.03,5.216,,1.27607,0.94367,0.79363,0.44727,0.01521,0.11691,1.53015,2016
253,Macedonia,Central and Eastern Europe,95,5.121,5.017,5.225,,1.0193,0.78236,0.64738,0.27668,0.07047,0.23507,2.08947,2016
254,Vietnam,Southeastern Asia,96,5.061,4.991,5.131,,0.74037,0.79117,0.66157,0.55954,0.11556,0.25075,1.9418,2016
255,Somaliland Region,Sub-Saharan Africa,97,5.057,4.934,5.18,,0.25558,0.75862,0.33108,0.3913,0.36794,0.51479,2.43801,2016
256,Tunisia,Middle East and Northern Africa,98,5.045,4.965,5.125,,0.97724,0.43165,0.59577,0.23553,0.0817,0.03936,2.68413,2016
257,Greece,Western Europe,99,5.033,4.935,5.131,,1.24886,0.75473,0.80029,0.05822,0.04127,0,2.12944,2016
258,Tajikistan,Central and Eastern Europe,100,4.996,4.923,5.069,,0.48835,0.75602,0.53119,0.43408,0.13509,0.25998,2.39106,2016
259,Mongolia,Eastern Asia,101,4.907,4.838,4.976,,0.98853,1.08983,0.55469,0.35972,0.03285,0.34539,1.53586,2016
260,Laos,Southeastern Asia,102,4.876,4.742,5.01,,0.68042,0.5497,0.38291,0.52168,0.22423,0.43079,2.08637,2016
261,Nigeria,Sub-Saharan Africa,103,4.875,4.75,5,,0.75216,0.64498,0.05108,0.27854,0.0305,0.23219,2.88586,2016
262,Honduras,Latin America and Caribbean,104,4.871,4.75,4.992,,0.69429,0.75596,0.58383,0.26755,0.06906,0.2044,2.29551,2016
263,Iran,Middle East and Northern Africa,105,4.813,4.703,4.923,,1.11758,0.38857,0.64232,0.22544,0.0557,0.38538,1.99817,2016
264,Zambia,Sub-Saharan Africa,106,4.795,4.645,4.945,,0.61202,0.6376,0.23573,0.42662,0.11479,0.17866,2.58991,2016
265,Nepal,Southern Asia,107,4.793,4.698,4.888,,0.44626,0.69699,0.50073,0.37012,0.07008,0.3816,2.32694,2016
266,Palestinian Territories,Middle East and Northern Africa,108,4.754,4.649,4.859,,0.67024,0.71629,0.56844,0.17744,0.10613,0.11154,2.40364,2016
267,Albania,Central and Eastern Europe,109,4.655,4.546,4.764,,0.9553,0.50163,0.73007,0.31866,0.05301,0.1684,1.92816,2016
268,Bangladesh,Southern Asia,110,4.643,4.56,4.726,,0.54177,0.24749,0.52989,0.39778,0.12583,0.19132,2.60904,2016
269,Sierra Leone,Sub-Saharan Africa,111,4.635,4.505,4.765,,0.36485,0.628,0,0.30685,0.08196,0.23897,3.01402,2016
270,Iraq,Middle East and Northern Africa,112,4.575,4.446,4.704,,1.07474,0.59205,0.51076,0.24856,0.13636,0.19589,1.81657,2016
271,Namibia,Sub-Saharan Africa,113,4.574,4.374,4.774,,0.93287,0.70362,0.34745,0.48614,0.10398,0.07795,1.92198,2016
272,Cameroon,Sub-Saharan Africa,114,4.513,4.417,4.609,,0.52497,0.62542,0.12698,0.42736,0.06126,0.2268,2.5198,2016
273,Ethiopia,Sub-Saharan Africa,115,4.508,4.425,4.591,,0.29283,0.37932,0.34578,0.36703,0.1717,0.29522,2.65614,2016
274,South Africa,Sub-Saharan Africa,116,4.459,4.371,4.547,,1.02416,0.96053,0.18611,0.42483,0.08415,0.13656,1.64227,2016
275,Sri Lanka,Southern Asia,117,4.415,4.322,4.508,,0.97318,0.84783,0.62007,0.50817,0.07964,0.46978,0.91681,2016
276,India,Southern Asia,118,4.404,4.351,4.457,,0.74036,0.29247,0.45091,0.40285,0.08722,0.25028,2.18032,2016
277,Myanmar,Southeastern Asia,119,4.395,4.327,4.463,,0.34112,0.69981,0.3988,0.42692,0.20243,0.81971,1.50655,2016
278,Egypt,Middle East and Northern Africa,120,4.362,4.259,4.465,,0.95395,0.49813,0.52116,0.18847,0.10393,0.12706,1.96895,2016
279,Armenia,Central and Eastern Europe,121,4.36,4.266,4.454,,0.86086,0.62477,0.64083,0.14037,0.03616,0.07793,1.97864,2016
280,Kenya,Sub-Saharan Africa,122,4.356,4.259,4.453,,0.52267,0.7624,0.30147,0.40576,0.06686,0.41328,1.88326,2016
281,Ukraine,Central and Eastern Europe,123,4.324,4.236,4.412,,0.87287,1.01413,0.58628,0.12859,0.01829,0.20363,1.50066,2016
282,Ghana,Sub-Saharan Africa,124,4.276,4.185,4.367,,0.63107,0.49353,0.29681,0.40973,0.0326,0.21203,2.2002,2016
283,Congo (Kinshasa),Sub-Saharan Africa,125,4.272,4.191,4.353,,0.05661,0.80676,0.188,0.15602,0.06075,0.25458,2.74924,2016
284,Georgia,Central and Eastern Europe,126,4.252,4.164,4.34,,0.83792,0.19249,0.64035,0.32461,0.3188,0.06786,1.87031,2016
285,Congo (Brazzaville),Sub-Saharan Africa,127,4.236,4.107,4.365,,0.77109,0.47799,0.28212,0.37938,0.09753,0.12077,2.10681,2016
286,Senegal,Sub-Saharan Africa,128,4.219,4.151,4.287,,0.44314,0.77416,0.40457,0.31056,0.11681,0.19103,1.97861,2016
287,Bulgaria,Central and Eastern Europe,129,4.217,4.104,4.33,,1.11306,0.92542,0.67806,0.21219,0.00615,0.12793,1.15377,2016
288,Mauritania,Sub-Saharan Africa,130,4.201,4.127,4.275,,0.61391,0.84142,0.28639,0.1268,0.17955,0.22686,1.9263,2016
289,Zimbabwe,Sub-Saharan Africa,131,4.193,4.101,4.285,,0.35041,0.71478,0.1595,0.25429,0.08582,0.18503,2.4427,2016
290,Malawi,Sub-Saharan Africa,132,4.156,4.041,4.271,,0.08709,0.147,0.29364,0.4143,0.07564,0.30968,2.82859,2016
291,Sudan,Sub-Saharan Africa,133,4.139,3.928,4.35,,0.63069,0.81928,0.29759,0,0.10039,0.18077,2.10995,2016
292,Gabon,Sub-Saharan Africa,134,4.121,4.03,4.212,,1.15851,0.72368,0.3494,0.28098,0.09314,0.06244,1.45332,2016
293,Mali,Sub-Saharan Africa,135,4.073,3.988,4.158,,0.31292,0.86333,0.16347,0.27544,0.13647,0.21064,2.11087,2016
294,Haiti,Latin America and Caribbean,136,4.028,3.893,4.163,,0.34097,0.29561,0.27494,0.12072,0.14476,0.47958,2.37116,2016
295,Botswana,Sub-Saharan Africa,137,3.974,3.875,4.073,,1.09426,0.89186,0.34752,0.44089,0.10769,0.12425,0.96741,2016
296,Comoros,Sub-Saharan Africa,138,3.956,3.86,4.052,,0.27509,0.60323,0.29981,0.15412,0.18437,0.1827,2.25632,2016
297,Ivory Coast,Sub-Saharan Africa,139,3.916,3.826,4.006,,0.55507,0.57576,0.04476,0.40663,0.1553,0.20338,1.97478,2016
298,Cambodia,Southeastern Asia,140,3.907,3.798,4.016,,0.55604,0.5375,0.42494,0.58852,0.08092,0.40339,1.31573,2016
299,Angola,Sub-Saharan Africa,141,3.866,3.753,3.979,,0.84731,0.66366,0.04991,0.00589,0.08434,0.12071,2.09459,2016
300,Niger,Sub-Saharan Africa,142,3.856,3.781,3.931,,0.1327,0.6053,0.26162,0.38041,0.17176,0.2097,2.09469,2016
301,South Sudan,Sub-Saharan Africa,143,3.832,3.596,4.068,,0.39394,0.18519,0.15781,0.19662,0.13015,0.25899,2.50929,2016
302,Chad,Sub-Saharan Africa,144,3.763,3.672,3.854,,0.42214,0.63178,0.03824,0.12807,0.04952,0.18667,2.30637,2016
303,Burkina Faso,Sub-Saharan Africa,145,3.739,3.647,3.831,,0.31995,0.63054,0.21297,0.3337,0.12533,0.24353,1.87319,2016
304,Uganda,Sub-Saharan Africa,145,3.739,3.629,3.849,,0.34719,0.90981,0.19625,0.43653,0.06442,0.27102,1.51416,2016
305,Yemen,Middle East and Northern Africa,147,3.724,3.621,3.827,,0.57939,0.47493,0.31048,0.2287,0.05892,0.09821,1.97295,2016
306,Madagascar,Sub-Saharan Africa,148,3.695,3.621,3.769,,0.27954,0.46115,0.37109,0.13684,0.07506,0.2204,2.15075,2016
307,Tanzania,Sub-Saharan Africa,149,3.666,3.561,3.771,,0.47155,0.77623,0.357,0.3176,0.05099,0.31472,1.37769,2016
308,Liberia,Sub-Saharan Africa,150,3.622,3.463,3.781,,0.10706,0.50353,0.23165,0.25748,0.04852,0.24063,2.23284,2016
309,Guinea,Sub-Saharan Africa,151,3.607,3.533,3.681,,0.22415,0.3109,0.18829,0.30953,0.1192,0.29914,2.15604,2016
310,Rwanda,Sub-Saharan Africa,152,3.515,3.444,3.586,,0.32846,0.61586,0.31865,0.5432,0.50521,0.23552,0.96819,2016
311,Benin,Sub-Saharan Africa,153,3.484,3.404,3.564,,0.39499,0.10419,0.21028,0.39747,0.06681,0.2018,2.10812,2016
312,Afghanistan,Southern Asia,154,3.36,3.288,3.432,,0.38227,0.11037,0.17344,0.1643,0.07112,0.31268,2.14558,2016
313,Togo,Sub-Saharan Africa,155,3.303,3.192,3.414,,0.28123,0,0.24811,0.34678,0.11587,0.17517,2.1354,2016
314,Syria,Middle East and Northern Africa,156,3.069,2.936,3.202,,0.74719,0.14866,0.62994,0.06912,0.17233,0.48397,0.81789,2016
315,Burundi,Sub-Saharan Africa,157,2.905,2.732,3.078,,0.06831,0.23442,0.15747,0.0432,0.09419,0.2029,2.10404,2016
316,Norway,,1,7.537000179,7.479555538,7.594444821,,1.616463184,1.53352356,0.796666503,0.635422587,0.315963835,0.362012237,2.277026653,2017
317,Denmark,,2,7.521999836,7.462271607,7.581728065,,1.482383013,1.551121593,0.792565525,0.626006722,0.400770068,0.355280489,2.313707352,2017
318,Iceland,,3,7.504000187,7.385969901,7.622030473,,1.48063302,1.610574007,0.833552122,0.627162635,0.153526559,0.475540221,2.322715282,2017
319,Switzerland,,4,7.493999958,7.426227496,7.56177242,,1.564979553,1.516911745,0.858131289,0.620070577,0.367007285,0.290549278,2.276716232,2017
320,Finland,,5,7.468999863,7.41045765,7.527542076,,1.443571925,1.540246725,0.80915767,0.617950857,0.382611543,0.245482773,2.430181503,2017
321,Netherlands,,6,7.376999855,7.326573869,7.427425841,,1.503944635,1.428939223,0.810696125,0.585384488,0.282661825,0.47048983,2.294804096,2017
322,Canada,,7,7.315999985,7.247597134,7.384402835,,1.479204416,1.481348991,0.834557652,0.611100912,0.287371516,0.435539722,2.187264442,2017
323,New Zealand,,8,7.31400013,7.248489818,7.379510442,,1.405706048,1.548195124,0.816759706,0.61406213,0.382816702,0.500005126,2.046456337,2017
324,Sweden,,9,7.28399992,7.223904962,7.344094877,,1.494387269,1.478162169,0.830875158,0.612924099,0.384398729,0.385399252,2.097537994,2017
325,Australia,,10,7.28399992,7.211348615,7.356651225,,1.484414935,1.510041952,0.843886793,0.601607382,0.30118373,0.47769925,2.065210819,2017
326,Israel,,11,7.212999821,7.146146385,7.279853256,,1.375382423,1.376289964,0.838404,0.405988604,0.0852421,0.330082655,2.801757336,2017
327,Costa Rica,,12,7.078999996,6.989888326,7.168111666,,1.109706283,1.416403651,0.759509265,0.58013165,0.100106589,0.214613229,2.898639202,2017
328,Austria,,13,7.006000042,6.941330272,7.070669812,,1.487097263,1.459944963,0.815328419,0.56776619,0.221060365,0.316472322,2.138506413,2017
329,United States,,14,6.993000031,6.911343313,7.074656748,,1.546259284,1.419920564,0.774286628,0.505740523,0.135638788,0.392578781,2.218113422,2017
330,Ireland,,15,6.977000237,6.910648805,7.043351668,,1.535706639,1.558231115,0.809782624,0.573110342,0.298388153,0.427858323,1.773869038,2017
331,Germany,,16,6.951000214,6.896618858,7.005381569,,1.487923384,1.472520351,0.798950732,0.562511384,0.276731938,0.33626917,2.015769958,2017
332,Belgium,,17,6.890999794,6.826178838,6.95582075,,1.463780761,1.462312698,0.818091869,0.539770722,0.251343131,0.231503338,2.124210358,2017
333,Luxembourg,,18,6.862999916,6.802313732,6.9236861,,1.741943598,1.457583666,0.845089495,0.596627891,0.318834424,0.283180982,1.619512081,2017
334,United Kingdom,,19,6.714000225,6.644208689,6.783791761,,1.44163394,1.49646008,0.805335939,0.508190036,0.265428066,0.492774159,1.704143524,2017
335,Chile,,20,6.65199995,6.564749341,6.73925056,,1.25278461,1.284024954,0.819479704,0.376895279,0.082287982,0.326662421,2.509585857,2017
336,United Arab Emirates,,21,6.647999763,6.573952223,6.722047304,,1.626343369,1.266410232,0.726798236,0.60834527,0.324489564,0.360941947,1.734703541,2017
337,Brazil,,22,6.635000229,6.544530956,6.725469502,,1.10735321,1.431306005,0.616552353,0.437453747,0.111092761,0.162349895,2.769267082,2017
338,Czech Republic,,23,6.609000206,6.534137949,6.683862463,,1.352682352,1.433885217,0.754444003,0.490946174,0.036872927,0.088106759,2.451861858,2017
339,Argentina,,24,6.598999977,6.507914868,6.690085086,,1.185295463,1.440451145,0.695137084,0.494519204,0.059739888,0.109457061,2.614005327,2017
340,Mexico,,25,6.578000069,6.48485123,6.671148908,,1.153183818,1.21086216,0.709978998,0.412730008,0.132774115,0.120990433,2.837154865,2017
341,Singapore,,26,6.572000027,6.507276984,6.636723069,,1.69227767,1.353814363,0.949492395,0.549840569,0.464307785,0.345965981,1.216362,2017
342,Malta,,27,6.52699995,6.455603128,6.598396773,,1.343279839,1.488411665,0.821944237,0.588767052,0.153066069,0.574730575,1.556862831,2017
343,Uruguay,,28,6.453999996,6.362093775,6.545906218,,1.217559695,1.412227869,0.719216824,0.579392254,0.178061873,0.175096929,2.172409534,2017
344,Guatemala,,29,6.453999996,6.34112602,6.566873973,,0.872001946,1.255585194,0.54023999,0.531310618,0.077223279,0.283488393,2.893891096,2017
345,Panama,,30,6.452000141,6.346869566,6.557130716,,1.233748436,1.373192549,0.706156135,0.550026834,0.070983924,0.210556939,2.307199955,2017
346,France,,31,6.441999912,6.368232022,6.515767802,,1.430923462,1.387776852,0.844465852,0.470222116,0.172502428,0.129762307,2.005954742,2017
347,Thailand,,32,6.423999786,6.338882717,6.509116856,,1.127868772,1.425792456,0.647239029,0.580200732,0.031612735,0.57212311,2.039508343,2017
348,Taiwan Province of China,,33,6.421999931,6.349403841,6.494596022,,1.433626533,1.384565353,0.793984234,0.361466587,0.063829236,0.258360475,2.126607418,2017
349,Spain,,34,6.402999878,6.334944911,6.471054845,,1.384397864,1.532090902,0.8889606,0.40878123,0.070914097,0.190133572,1.92775774,2017
350,Qatar,,35,6.375,6.181523186,6.568476814,,1.870765686,1.27429688,0.710098088,0.604130983,0.439299256,0.33047387,1.14546442,2017
351,Colombia,,36,6.356999874,6.261979694,6.452020054,,1.070622325,1.402182937,0.595027924,0.477487415,0.046668742,0.149014473,2.616068125,2017
352,Saudi Arabia,,37,6.343999863,6.243833113,6.444166612,,1.530623555,1.286677599,0.59014833,0.449750572,0.273432255,0.147616014,2.065429688,2017
353,Trinidad and Tobago,,38,6.168000221,5.954466552,6.381533891,,1.361355901,1.380228519,0.519983292,0.518630743,0.008964816,0.325296462,2.053247452,2017
354,Kuwait,,39,6.105000019,6.018043049,6.191956989,,1.632952452,1.259698749,0.632105708,0.496337593,0.21515955,0.228289798,1.640425205,2017
355,Slovakia,,40,6.09800005,6.018651687,6.177348412,,1.325393558,1.505059242,0.712732911,0.295817465,0.024210852,0.136544481,2.097776651,2017
356,Bahrain,,41,6.086999893,5.995010719,6.178989068,,1.488412261,1.323110461,0.653133035,0.536746919,0.25704217,0.172668487,1.656149387,2017
357,Malaysia,,42,6.084000111,5.988020585,6.179979637,,1.29121542,1.284646034,0.618784428,0.402264982,0.065600708,0.41660893,2.004448891,2017
358,Nicaragua,,43,6.071000099,5.955416598,6.1865836,,0.737299204,1.28721571,0.653095961,0.447551847,0.130687982,0.301674217,2.513930559,2017
359,Ecuador,,44,6.007999897,5.910152119,6.105847675,,1.000820398,1.286168814,0.685636222,0.455198199,0.140134647,0.150112465,2.290352583,2017
360,El Salvador,,45,6.002999783,5.897364443,6.108635122,,0.909784496,1.182125092,0.596018553,0.43245253,0.08998096,0.078257985,2.714593887,2017
361,Poland,,46,5.97300005,5.892091758,6.053908341,,1.291787863,1.44571197,0.699475348,0.520342112,0.059307806,0.158465967,1.797722816,2017
362,Uzbekistan,,47,5.971000195,5.876462816,6.065537573,,0.786441088,1.54896915,0.498272628,0.658248663,0.246528223,0.415983647,1.816913605,2017
363,Italy,,48,5.964000225,5.885263544,6.042736906,,1.395066619,1.444923282,0.853144348,0.256450713,0.028028091,0.172789648,1.813312054,2017
364,Russia,,49,5.962999821,5.895724734,6.030274907,,1.281778097,1.469282389,0.547349334,0.373783112,0.032962881,0.052263822,2.205607414,2017
365,Belize,,50,5.955999851,5.714757385,6.197242318,,0.907975316,1.081417799,0.450191766,0.547509372,0.096581072,0.240015641,2.631955624,2017
366,Japan,,51,5.920000076,5.849280708,5.990719445,,1.416915178,1.436337829,0.913475871,0.505625546,0.163760737,0.120572768,1.363223553,2017
367,Lithuania,,52,5.90199995,5.821330259,5.982669641,,1.314582348,1.473516107,0.62894994,0.234231785,0.011865643,0.010164657,2.228440523,2017
368,Algeria,,53,5.872000217,5.765714001,5.978286434,,1.091864467,1.146217465,0.617584646,0.233335808,0.14609611,0.069436647,2.567603827,2017
369,Latvia,,54,5.849999905,5.779736271,5.920263538,,1.260748625,1.404714942,0.638566971,0.325707912,0.073842727,0.153074786,1.993655205,2017
370,South Korea,,55,5.837999821,5.753440613,5.922559028,,1.401678443,1.128274441,0.900214076,0.257921666,0.063282669,0.206674367,1.880378008,2017
371,Moldova,,56,5.837999821,5.767628803,5.908370838,,0.72887063,1.251825571,0.589465201,0.240729049,0.010091286,0.208779126,2.807808399,2017
372,Romania,,57,5.824999809,5.730305462,5.919694157,,1.217683911,1.15009129,0.685158312,0.457003742,0.004387901,0.133519918,2.176831484,2017
373,Bolivia,,58,5.822999954,5.742023006,5.903976903,,0.833756566,1.227619052,0.47363025,0.558732927,0.060477726,0.225560725,2.443279028,2017
374,Turkmenistan,,59,5.822000027,5.758819178,5.885180876,,1.130776763,1.493149161,0.43772608,0.418271929,0.25927034,0.249924988,1.832909822,2017
375,Kazakhstan,,60,5.818999767,5.73435776,5.903641775,,1.28455627,1.384369016,0.606041551,0.437454283,0.119282886,0.201964423,1.784892559,2017
376,North Cyprus,,61,5.809999943,5.722633421,5.897366465,,1.346911311,1.186303377,0.834647238,0.471203625,0.155353352,0.266845703,1.549157619,2017
377,Slovenia,,62,5.757999897,5.673774634,5.84222516,,1.341205955,1.452518821,0.790828228,0.572575808,0.045128979,0.242649093,1.313317299,2017
378,Peru,,63,5.715000153,5.618053527,5.811946779,,1.035225272,1.218770385,0.630166113,0.450002879,0.047049087,0.126819715,2.20726943,2017
379,Mauritius,,64,5.629000187,5.528138182,5.729862192,,1.189395547,1.20956099,0.638007462,0.491247326,0.042181555,0.360933751,1.697583914,2017
380,Cyprus,,65,5.620999813,5.527306927,5.714692699,,1.355938077,1.131363273,0.844714701,0.355111539,0.041237976,0.271254301,1.621249199,2017
381,Estonia,,66,5.611000061,5.533860248,5.688139874,,1.32087934,1.4766711,0.695168316,0.47913143,0.183248922,0.098890811,1.357508659,2017
382,Belarus,,67,5.568999767,5.491885291,5.646114244,,1.15655756,1.444945216,0.637714267,0.295400262,0.156313822,0.155137509,1.723232985,2017
383,Libya,,68,5.525000095,5.373046384,5.676953807,,1.101803064,1.35756433,0.52016902,0.46573323,0.09261021,0.152073666,1.835011244,2017
384,Turkey,,69,5.5,5.405135037,5.594864963,,1.198274374,1.337753177,0.637605608,0.3007406,0.09967158,0.046693042,1.879277945,2017
385,Paraguay,,70,5.493000031,5.408618791,5.57738127,,0.932537317,1.50728488,0.579250693,0.473507792,0.091065913,0.224150658,1.68533349,2017
386,"Hong Kong S.A.R., China",,71,5.472000122,5.394406071,5.549594173,,1.551674843,1.262790918,0.943062425,0.490968645,0.293933749,0.374465793,0.554633141,2017
387,Philippines,,72,5.429999828,5.314664602,5.545335054,,0.857699215,1.253917575,0.468009055,0.585214674,0.099331893,0.193513423,1.972604752,2017
388,Serbia,,73,5.394999981,5.298430306,5.491569656,,1.069317579,1.258189797,0.650784671,0.208715528,0.040903781,0.220125884,1.947084427,2017
389,Jordan,,74,5.335999966,5.223589909,5.448410022,,0.991012394,1.239088893,0.604590058,0.418421149,0.119803272,0.17217046,1.791176558,2017
390,Hungary,,75,5.323999882,5.244960054,5.403039709,,1.286011934,1.343133092,0.687763453,0.175863519,0.036636937,0.078401662,1.716459274,2017
391,Jamaica,,76,5.31099987,5.040601012,5.581398728,,0.925579309,1.368218064,0.641022384,0.474307239,0.055267781,0.233818337,1.612325668,2017
392,Croatia,,77,5.293000221,5.194223238,5.391777205,,1.222556233,0.967983007,0.701288521,0.255772293,0.04310311,0.248002976,1.854492426,2017
393,Kosovo,,78,5.278999805,5.193151615,5.364847995,,0.951484382,1.137853503,0.54145205,0.260287941,0.057471618,0.319931448,2.010540724,2017
394,China,,79,5.272999763,5.226721437,5.31927809,,1.081165791,1.160837412,0.741415501,0.472787708,0.022794275,0.028806841,1.764938593,2017
395,Pakistan,,80,5.269000053,5.178016465,5.359983641,,0.726883531,0.67269069,0.402047783,0.235215262,0.124348067,0.315446019,2.79248929,2017
396,Indonesia,,81,5.262000084,5.17111157,5.352888598,,0.995538592,1.274444699,0.492345721,0.443323463,0.015317135,0.611704588,1.429476976,2017
397,Venezuela,,82,5.25,5.129968054,5.370031946,,1.128431201,1.431337595,0.617144227,0.153997123,0.064491123,0.06501963,1.789463758,2017
398,Montenegro,,83,5.236999989,5.132955537,5.341044441,,1.121129036,1.238376498,0.667464674,0.194989055,0.088174194,0.197911024,1.729191542,2017
399,Morocco,,84,5.235000134,5.151659302,5.318340965,,0.878114581,0.774864435,0.597710669,0.408158332,0.087763183,0.032209955,2.456189394,2017
400,Azerbaijan,,85,5.234000206,5.168713877,5.299286535,,1.153601766,1.152400255,0.540775776,0.398155838,0.180987507,0.04526934,1.762481689,2017
401,Dominican Republic,,86,5.230000019,5.110939153,5.349060885,,1.079373837,1.402416706,0.574873745,0.552589834,0.113945253,0.18696785,1.31946516,2017
402,Greece,,87,5.227000237,5.128754304,5.325246169,,1.289487481,1.239414573,0.810198903,0.095731251,0.043289777,0,1.749221563,2017
403,Lebanon,,88,5.224999905,5.131117521,5.318882288,,1.074987531,1.129624248,0.735081077,0.288515985,0.03751383,0.264450759,1.695073843,2017
404,Portugal,,89,5.195000172,5.10495861,5.285041733,,1.315175295,1.367043018,0.795843542,0.4984653,0.015869452,0.095102713,1.107682705,2017
405,Bosnia and Herzegovina,,90,5.18200016,5.087664634,5.276335687,,0.982409418,1.069335938,0.705186307,0.204403177,0,0.328867495,1.892172575,2017
406,Honduras,,91,5.181000233,5.060417669,5.301582797,,0.730573118,1.143944979,0.58256948,0.34807986,0.073345453,0.236188874,2.065811157,2017
407,Macedonia,,92,5.175000191,5.077827742,5.27217264,,1.064577937,1.207893014,0.644948184,0.325905979,0.060277794,0.253760964,1.617469311,2017
408,Somalia,,93,5.151000023,5.059516336,5.24248371,,0.022643184,0.721151352,0.113989137,0.602126956,0.282410324,0.291631311,3.11748457,2017
409,Vietnam,,94,5.073999882,5.000718999,5.147280765,,0.788547575,1.277491331,0.652168989,0.571055591,0.087633237,0.234968051,1.462318659,2017
410,Nigeria,,95,5.073999882,4.938499628,5.209500135,,0.783756256,1.215770483,0.05691573,0.394952565,0.026121566,0.230947196,2.365390539,2017
411,Tajikistan,,96,5.040999889,4.970574183,5.111425596,,0.524713635,1.271463275,0.529235125,0.471566707,0.146377146,0.248997644,1.84904933,2017
412,Bhutan,,97,5.011000156,4.942665751,5.079334562,,0.885416389,1.340126514,0.495879292,0.501537681,0.17338039,0.474054545,1.140184402,2017
413,Kyrgyzstan,,98,5.004000187,4.918080471,5.089919903,,0.596220076,1.394238591,0.553457797,0.454943389,0.039439179,0.428580374,1.536723137,2017
414,Nepal,,99,4.961999893,4.856643707,5.067356079,,0.479820192,1.179283261,0.504130781,0.440305948,0.072975546,0.394096166,1.891241074,2017
415,Mongolia,,100,4.954999924,4.888320338,5.021679509,,1.027235866,1.493011236,0.557783484,0.394143969,0.032902289,0.33846423,1.111292362,2017
416,South Africa,,101,4.828999996,4.728564805,4.929435188,,1.054698706,1.384788632,0.18708007,0.479246736,0.072509497,0.13936238,1.510908604,2017
417,Tunisia,,102,4.804999828,4.72563265,4.884367007,,1.007265806,0.86835146,0.613212049,0.28968069,0.086723149,0.049693357,1.89025116,2017
418,Palestinian Territories,,103,4.775000095,4.668151848,4.881848343,,0.716249228,1.155647159,0.565666974,0.254711062,0.089282602,0.114173174,1.878890276,2017
419,Egypt,,104,4.735000134,4.644866477,4.82513379,,0.989701807,0.997471392,0.520187259,0.282110155,0.114381365,0.128631443,1.702161074,2017
420,Bulgaria,,105,4.714000225,4.624305744,4.803694706,,1.161459088,1.434379458,0.70821768,0.289231718,0.011051531,0.113177694,0.996139288,2017
421,Sierra Leone,,106,4.709000111,4.567356886,4.850643335,,0.368420929,0.984136045,0.005564754,0.318697691,0.071095176,0.293040901,2.668459892,2017
422,Cameroon,,107,4.695000172,4.593459486,4.796540857,,0.564305365,0.946018219,0.132892117,0.430388749,0.051306631,0.236298457,2.333645582,2017
423,Iran,,108,4.691999912,4.585775117,4.798224708,,1.156873107,0.711551249,0.639333189,0.249322608,0.048761073,0.387242913,1.498734951,2017
424,Albania,,109,4.644000053,4.5355361,4.752464006,,0.996192753,0.803685248,0.731159747,0.381498635,0.039864216,0.201312944,1.490441561,2017
425,Bangladesh,,110,4.607999802,4.526177945,4.689821658,,0.586682975,0.735131741,0.533241034,0.478356659,0.123717859,0.172255352,1.978736162,2017
426,Namibia,,111,4.573999882,4.377645023,4.770354741,,0.964434326,1.098470807,0.338611811,0.520303547,0.093146972,0.077133745,1.481890202,2017
427,Kenya,,112,4.552999973,4.450308356,4.655691591,,0.560479462,1.067950726,0.30998835,0.452763766,0.064641319,0.444860309,1.651902199,2017
428,Mozambique,,113,4.550000191,4.325898055,4.774102326,,0.23430565,0.870701015,0.106654435,0.480791092,0.179436386,0.322228104,2.355650902,2017
429,Myanmar,,114,4.545000076,4.475260206,4.614739946,,0.36711055,1.123235941,0.397522569,0.514492035,0.188816205,0.838075161,1.115290403,2017
430,Senegal,,115,4.534999847,4.468395914,4.601603781,,0.479309022,1.179691911,0.409362853,0.377922267,0.115460448,0.183468893,1.789646149,2017
431,Zambia,,116,4.513999939,4.383894376,4.644105501,,0.636406779,1.003187299,0.257835895,0.461603492,0.07821355,0.249580145,1.826705456,2017
432,Iraq,,117,4.497000217,4.371409025,4.62259141,,1.102710485,0.978613198,0.50118047,0.288555533,0.107215755,0.199637264,1.318907261,2017
433,Gabon,,118,4.465000153,4.37263854,4.557361766,,1.198210239,1.155620217,0.356578588,0.312328577,0.076046787,0.043785378,1.322916269,2017
434,Ethiopia,,119,4.460000038,4.3772714,4.542728677,,0.339233845,0.864669204,0.353409708,0.408842742,0.165455714,0.31265074,2.015743732,2017
435,Sri Lanka,,120,4.440000057,4.326552922,4.553447192,,1.009850144,1.259976387,0.625130832,0.561213255,0.073653966,0.490863562,0.419389248,2017
436,Armenia,,121,4.375999928,4.285265243,4.466734612,,0.900596738,1.007483721,0.637524426,0.198303267,0.026674422,0.083488092,1.521499157,2017
437,India,,122,4.315000057,4.258478097,4.371522017,,0.792221248,0.754372597,0.455427617,0.469987005,0.092226885,0.231538489,1.519117117,2017
438,Mauritania,,123,4.291999817,4.206836018,4.377163616,,0.648457289,1.27203083,0.28534928,0.096098043,0.136957005,0.201870024,1.651637316,2017
439,Congo (Brazzaville),,124,4.290999889,4.171946274,4.410053505,,0.808964252,0.832044363,0.289957434,0.435025871,0.079618134,0.120852128,1.724135637,2017
440,Georgia,,125,4.285999775,4.197065584,4.374933966,,0.950612664,0.570614934,0.649546981,0.309410036,0.251666635,0.054008815,1.500137806,2017
441,Congo (Kinshasa),,126,4.28000021,4.202189587,4.357810833,,0.092102349,1.229023457,0.191407025,0.235961348,0.060241356,0.246455833,2.224958658,2017
442,Mali,,127,4.190000057,4.110329403,4.269670711,,0.476180494,1.281473398,0.169365674,0.306613743,0.104970247,0.183354199,1.668190956,2017
443,Ivory Coast,,128,4.179999828,4.084817093,4.275182563,,0.603048921,0.90478003,0.04864217,0.447706193,0.130061775,0.20123747,1.844964266,2017
444,Cambodia,,129,4.168000221,4.057482629,4.278517814,,0.601765096,1.006238341,0.429783404,0.633375823,0.068105951,0.385922968,1.042941093,2017
445,Sudan,,130,4.138999939,3.932252713,4.345747165,,0.659516692,1.21400857,0.290920824,0.014995855,0.08984752,0.182317451,1.68706584,2017
446,Ghana,,131,4.119999886,4.017292563,4.222707209,,0.667224824,0.873664737,0.295637727,0.423026294,0.02533637,0.256923944,1.577867508,2017
447,Ukraine,,132,4.096000195,4.006590285,4.185410105,,0.894651949,1.394537568,0.575903952,0.122974776,0.023029471,0.270061463,0.814382315,2017
448,Uganda,,133,4.080999851,3.966199735,4.195799967,,0.381430715,1.129827738,0.217632607,0.443185955,0.057069719,0.325766057,1.526362658,2017
449,Burkina Faso,,134,4.032000065,3.939941065,4.124059064,,0.350227714,1.043280005,0.215844259,0.324367851,0.120328106,0.250864685,1.727212906,2017
450,Niger,,135,4.027999878,3.944052936,4.11194682,,0.161925331,0.993025005,0.268505007,0.363658696,0.138572946,0.228673846,1.873983383,2017
451,Malawi,,136,3.970000029,3.86252124,4.077478817,,0.233442038,0.512568831,0.315089583,0.466914654,0.072711654,0.28717047,2.081786156,2017
452,Chad,,137,3.936000109,3.837288693,4.034711524,,0.438012987,0.953855872,0.041134715,0.162342027,0.053581882,0.21611385,2.071238041,2017
453,Zimbabwe,,138,3.875,3.771300357,3.978699643,,0.375846535,1.083095908,0.196763754,0.336384207,0.095375381,0.189143494,1.597970247,2017
454,Lesotho,,139,3.808000088,3.5716562,4.044343975,,0.521021247,1.190095186,0,0.390661299,0.11909464,0.157497272,1.42983532,2017
455,Angola,,140,3.795000076,3.638358217,3.951641935,,0.85842818,1.10441196,0.049868666,0,0.069720335,0.09792649,1.614482403,2017
456,Afghanistan,,141,3.79399991,3.714338405,3.873661415,,0.401477218,0.581543326,0.180746779,0.10617952,0.06115783,0.311870933,2.150801182,2017
457,Botswana,,142,3.766000032,3.657877399,3.874122666,,1.122094154,1.221554995,0.341755509,0.505196333,0.098583199,0.099348448,0.377913713,2017
458,Benin,,143,3.657000065,3.568216578,3.745783551,,0.431085408,0.435299844,0.209930211,0.425962776,0.060929015,0.207948461,1.885630965,2017
459,Madagascar,,144,3.644000053,3.573681001,3.714319106,,0.305808693,0.913020372,0.375223309,0.189196765,0.067231975,0.20873253,1.584612608,2017
460,Haiti,,145,3.602999926,3.471285053,3.734714798,,0.368610263,0.640449822,0.27732113,0.030369857,0.09987215,0.489203781,1.697167635,2017
461,Yemen,,146,3.592999935,3.49324955,3.69275032,,0.591683447,0.935382247,0.310080916,0.249463722,0.056767423,0.104125209,1.345600605,2017
462,South Sudan,,147,3.59100008,3.456461574,3.725538586,,0.397248626,0.601323128,0.163486004,0.147062436,0.116793513,0.285670817,1.879567385,2017
463,Liberia,,148,3.532999992,3.412243724,3.653756261,,0.119041793,0.872117937,0.229918197,0.332881182,0.038948249,0.266549885,1.673285961,2017
464,Guinea,,149,3.506999969,3.42957181,3.584428129,,0.24454993,0.791244686,0.194129139,0.348587513,0.110937618,0.264815092,1.552311897,2017
465,Togo,,150,3.494999886,3.395961659,3.594038112,,0.305444717,0.43188253,0.247105569,0.380426139,0.095665015,0.196896151,1.837229252,2017
466,Rwanda,,151,3.470999956,3.398969679,3.543030234,,0.368745893,0.945707023,0.326424807,0.581843853,0.455220014,0.252756029,0.540061235,2017
467,Syria,,152,3.461999893,3.26033123,3.663668557,,0.777153134,0.396102607,0.500533342,0.081539445,0.151347131,0.493663728,1.061573505,2017
468,Tanzania,,153,3.348999977,3.236570199,3.461429755,,0.511135876,1.041989803,0.364509284,0.390017778,0.066035107,0.354256362,0.621130466,2017
469,Burundi,,154,2.904999971,2.73530961,3.074690333,,0.091622569,0.629793584,0.151610792,0.059900753,0.084147945,0.204435185,1.683024168,2017
470,Central African Republic,,155,2.693000078,2.521115887,2.864884269,,0,0,0.018772686,0.270842046,0.056565076,0.280876487,2.066004753,2017
471,Finland,,1,7.632,,,,1.305,1.592,0.874,0.681,0.393,0.202,,2018
472,Norway,,2,7.594,,,,1.456,1.582,0.861,0.686,0.34,0.286,,2018
473,Denmark,,3,7.555,,,,1.351,1.59,0.868,0.683,0.408,0.284,,2018
474,Iceland,,4,7.495,,,,1.343,1.644,0.914,0.677,0.138,0.353,,2018
475,Switzerland,,5,7.487,,,,1.42,1.549,0.927,0.66,0.357,0.256,,2018
476,Netherlands,,6,7.441,,,,1.361,1.488,0.878,0.638,0.295,0.333,,2018
477,Canada,,7,7.328,,,,1.33,1.532,0.896,0.653,0.291,0.321,,2018
478,New Zealand,,8,7.324,,,,1.268,1.601,0.876,0.669,0.389,0.365,,2018
479,Sweden,,9,7.314,,,,1.355,1.501,0.913,0.659,0.383,0.285,,2018
480,Australia,,10,7.272,,,,1.34,1.573,0.91,0.647,0.302,0.361,,2018
481,United Kingdom,,11,7.19,,,,1.244,1.433,0.888,0.464,0.082,0.262,,2018
482,Austria,,12,7.139,,,,1.341,1.504,0.891,0.617,0.224,0.242,,2018
483,Costa Rica,,13,7.072,,,,1.01,1.459,0.817,0.632,0.101,0.143,,2018
484,Ireland,,14,6.977,,,,1.448,1.583,0.876,0.614,0.306,0.307,,2018
485,Germany,,15,6.965,,,,1.34,1.474,0.861,0.586,0.28,0.273,,2018
486,Belgium,,16,6.927,,,,1.324,1.483,0.894,0.583,0.24,0.188,,2018
487,Luxembourg,,17,6.91,,,,1.576,1.52,0.896,0.632,0.321,0.196,,2018
488,United States,,18,6.886,,,,1.398,1.471,0.819,0.547,0.133,0.291,,2018
489,Israel,,19,6.814,,,,1.301,1.559,0.883,0.533,0.272,0.354,,2018
490,United Arab Emirates,,20,6.774,,,,2.096,0.776,0.67,0.284,N/A,0.186,,2018
491,Czech Republic,,21,6.711,,,,1.233,1.489,0.854,0.543,0.034,0.064,,2018
492,Malta,,22,6.627,,,,1.27,1.525,0.884,0.645,0.142,0.376,,2018
493,France,,23,6.489,,,,1.293,1.466,0.908,0.52,0.176,0.098,,2018
494,Mexico,,24,6.488,,,,1.038,1.252,0.761,0.479,0.095,0.069,,2018
495,Chile,,25,6.476,,,,1.131,1.331,0.808,0.431,0.061,0.197,,2018
496,Taiwan,,26,6.441,,,,1.365,1.436,0.857,0.418,0.078,0.151,,2018
497,Panama,,27,6.43,,,,1.112,1.438,0.759,0.597,0.063,0.125,,2018
498,Brazil,,28,6.419,,,,0.986,1.474,0.675,0.493,0.088,0.11,,2018
499,Argentina,,29,6.388,,,,1.073,1.468,0.744,0.57,0.054,0.062,,2018
500,Guatemala,,30,6.382,,,,0.781,1.268,0.608,0.604,0.071,0.179,,2018
501,Uruguay,,31,6.379,,,,1.093,1.459,0.771,0.625,0.155,0.13,,2018
502,Qatar,,32,6.374,,,,1.649,1.303,0.748,0.654,0.171,0.256,,2018
503,Saudi Arabia,,33,6.371,,,,1.379,1.331,0.633,0.509,0.127,0.098,,2018
504,Singapore,,34,6.343,,,,1.529,1.451,1.008,0.631,0.457,0.261,,2018
505,Malaysia,,35,6.322,,,,1.161,1.258,0.669,0.356,0.059,0.311,,2018
506,Spain,,36,6.31,,,,1.251,1.538,0.965,0.449,0.074,0.142,,2018
507,Colombia,,37,6.26,,,,0.96,1.439,0.635,0.531,0.039,0.099,,2018
508,Trinidad & Tobago,,38,6.192,,,,1.223,1.492,0.564,0.575,0.019,0.171,,2018
509,Slovakia,,39,6.173,,,,1.21,1.537,0.776,0.354,0.014,0.118,,2018
510,El Salvador,,40,6.167,,,,0.806,1.231,0.639,0.461,0.082,0.065,,2018
511,Nicaragua,,41,6.141,,,,0.668,1.319,0.7,0.527,0.128,0.208,,2018
512,Poland,,42,6.123,,,,1.176,1.448,0.781,0.546,0.064,0.108,,2018
513,Bahrain,,43,6.105,,,,1.338,1.366,0.698,0.594,0.123,0.243,,2018
514,Uzbekistan,,44,6.096,,,,0.719,1.584,0.605,0.724,0.259,0.328,,2018
515,Kuwait,,45,6.083,,,,1.474,1.301,0.675,0.554,0.106,0.167,,2018
516,Thailand,,46,6.072,,,,1.016,1.417,0.707,0.637,0.029,0.364,,2018
517,Italy,,47,6,,,,1.264,1.501,0.946,0.281,0.028,0.137,,2018
518,Ecuador,,48,5.973,,,,0.889,1.33,0.736,0.556,0.12,0.114,,2018
519,Belize,,49,5.956,,,,0.807,1.101,0.474,0.593,0.089,0.183,,2018
520,Lithuania,,50,5.952,,,,1.197,1.527,0.716,0.35,0.006,0.026,,2018
521,Slovenia,,51,5.948,,,,1.219,1.506,0.856,0.633,0.051,0.16,,2018
522,Romania,,52,5.945,,,,1.116,1.219,0.726,0.528,0.001,0.088,,2018
523,Latvia,,53,5.933,,,,1.148,1.454,0.671,0.363,0.066,0.092,,2018
524,Japan,,54,5.915,,,,1.294,1.462,0.988,0.553,0.15,0.079,,2018
525,Mauritius,,55,5.891,,,,1.09,1.387,0.684,0.584,0.05,0.245,,2018
526,Jamaica,,56,5.89,,,,0.819,1.493,0.693,0.575,0.031,0.096,,2018
527,South Korea,,57,5.875,,,,1.266,1.204,0.955,0.244,0.051,0.175,,2018
528,Northern Cyprus,,58,5.835,,,,1.229,1.211,0.909,0.495,0.154,0.179,,2018
529,Russia,,59,5.81,,,,1.151,1.479,0.599,0.399,0.025,0.065,,2018
530,Kazakhstan,,60,5.79,,,,1.143,1.516,0.631,0.454,0.121,0.148,,2018
531,Cyprus,,61,5.762,,,,1.229,1.191,0.909,0.423,0.035,0.202,,2018
532,Bolivia,,62,5.752,,,,0.751,1.223,0.508,0.606,0.054,0.141,,2018
533,Estonia,,63,5.739,,,,1.2,1.532,0.737,0.553,0.174,0.086,,2018
534,Paraguay,,64,5.681,,,,0.835,1.522,0.615,0.541,0.074,0.162,,2018
535,Peru,,65,5.663,,,,0.934,1.249,0.674,0.53,0.034,0.092,,2018
536,Kosovo,,66,5.662,,,,0.855,1.23,0.578,0.448,0.023,0.274,,2018
537,Moldova,,67,5.64,,,,0.657,1.301,0.62,0.232,0,0.171,,2018
538,Turkmenistan,,68,5.636,,,,1.016,1.533,0.517,0.417,0.037,0.199,,2018
539,Hungary,,69,5.62,,,,1.171,1.401,0.732,0.259,0.022,0.061,,2018
540,Libya,,70,5.566,,,,0.985,1.35,0.553,0.496,0.148,0.116,,2018
541,Philippines,,71,5.524,,,,0.775,1.312,0.513,0.643,0.105,0.12,,2018
542,Honduras,,72,5.504,,,,0.62,1.205,0.622,0.459,0.074,0.197,,2018
543,Belarus,,73,5.483,,,,1.039,1.498,0.7,0.307,0.154,0.101,,2018
544,Turkey,,74,5.483,,,,1.148,1.38,0.686,0.324,0.109,0.106,,2018
545,Pakistan,,75,5.472,,,,0.652,0.81,0.424,0.334,0.113,0.216,,2018
546,Hong Kong,,76,5.43,,,,1.405,1.29,1.03,0.524,0.291,0.246,,2018
547,Portugal,,77,5.41,,,,1.188,1.429,0.884,0.562,0.017,0.055,,2018
548,Serbia,,78,5.398,,,,0.975,1.369,0.685,0.288,0.043,0.134,,2018
549,Greece,,79,5.358,,,,1.154,1.202,0.879,0.131,0.044,0,,2018
550,Lebanon,,80,5.358,,,,0.965,1.179,0.785,0.503,0.136,0.214,,2018
551,Montenegro,,81,5.347,,,,1.017,1.279,0.729,0.259,0.081,0.111,,2018
552,Croatia,,82,5.321,,,,1.115,1.161,0.737,0.38,0.039,0.12,,2018
553,Dominican Republic,,83,5.302,,,,0.982,1.441,0.614,0.578,0.106,0.12,,2018
554,Algeria,,84,5.295,,,,0.979,1.154,0.687,0.077,0.135,0.055,,2018
555,Morocco,,85,5.254,,,,0.779,0.797,0.669,0.46,0.074,0.026,,2018
556,China,,86,5.246,,,,0.989,1.142,0.799,0.597,0.103,0.029,,2018
557,Azerbaijan,,87,5.201,,,,1.024,1.161,0.603,0.43,0.176,0.031,,2018
558,Tajikistan,,88,5.199,,,,0.474,1.166,0.598,0.292,0.034,0.187,,2018
559,Macedonia,,89,5.185,,,,0.959,1.239,0.691,0.394,0.052,0.173,,2018
560,Jordan,,90,5.161,,,,0.822,1.265,0.645,0.468,0.134,0.13,,2018
561,Nigeria,,91,5.155,,,,0.689,1.172,0.048,0.462,0.032,0.201,,2018
562,Kyrgyzstan,,92,5.131,,,,0.53,1.416,0.594,0.54,0.035,0.281,,2018
563,Bosnia and Herzegovina,,93,5.129,,,,0.915,1.078,0.758,0.28,0,0.216,,2018
564,Mongolia,,94,5.125,,,,0.914,1.517,0.575,0.395,0.032,0.253,,2018
565,Vietnam,,95,5.103,,,,0.715,1.365,0.702,0.618,0.079,0.177,,2018
566,Indonesia,,96,5.093,,,,0.899,1.215,0.522,0.538,0.018,0.484,,2018
567,Bhutan,,97,5.082,,,,0.796,1.335,0.527,0.541,0.171,0.364,,2018
568,Somalia,,98,4.982,,,,0,0.712,0.115,0.674,0.282,0.238,,2018
569,Cameroon,,99,4.975,,,,0.535,0.891,0.182,0.454,0.043,0.183,,2018
570,Bulgaria,,100,4.933,,,,1.054,1.515,0.712,0.359,0.009,0.064,,2018
571,Nepal,,101,4.88,,,,0.425,1.228,0.539,0.526,0.078,0.302,,2018
572,Venezuela,,102,4.806,,,,0.996,1.469,0.657,0.133,0.052,0.056,,2018
573,Gabon,,103,4.758,,,,1.036,1.164,0.404,0.356,0.052,0.032,,2018
574,Palestinian Territories,,104,4.743,,,,0.642,1.217,0.602,0.266,0.076,0.086,,2018
575,South Africa,,105,4.724,,,,0.94,1.41,0.33,0.516,0.056,0.103,,2018
576,Iran,,106,4.707,,,,1.059,0.771,0.691,0.459,0.129,0.282,,2018
577,Ivory Coast,,107,4.671,,,,0.541,0.872,0.08,0.467,0.103,0.146,,2018
578,Ghana,,108,4.657,,,,0.592,0.896,0.337,0.499,0.029,0.212,,2018
579,Senegal,,109,4.631,,,,0.429,1.117,0.433,0.406,0.082,0.138,,2018
580,Laos,,110,4.623,,,,0.72,1.034,0.441,0.626,0.174,0.23,,2018
581,Tunisia,,111,4.592,,,,0.9,0.906,0.69,0.271,0.063,0.04,,2018
582,Albania,,112,4.586,,,,0.916,0.817,0.79,0.419,0.032,0.149,,2018
583,Sierra Leone,,113,4.571,,,,0.256,0.813,0,0.355,0.053,0.238,,2018
584,Congo (Brazzaville),,114,4.559,,,,0.682,0.811,0.343,0.514,0.077,0.091,,2018
585,Bangladesh,,115,4.5,,,,0.532,0.85,0.579,0.58,0.144,0.153,,2018
586,Sri Lanka,,116,4.471,,,,0.918,1.314,0.672,0.585,0.05,0.307,,2018
587,Iraq,,117,4.456,,,,1.01,0.971,0.536,0.304,0.095,0.148,,2018
588,Mali,,118,4.447,,,,0.37,1.233,0.152,0.367,0.056,0.139,,2018
589,Namibia,,119,4.441,,,,0.874,1.281,0.365,0.519,0.064,0.051,,2018
590,Cambodia,,120,4.433,,,,0.549,1.088,0.457,0.696,0.065,0.256,,2018
591,Burkina Faso,,121,4.424,,,,0.314,1.097,0.254,0.312,0.128,0.175,,2018
592,Egypt,,122,4.419,,,,0.885,1.025,0.553,0.312,0.107,0.092,,2018
593,Mozambique,,123,4.417,,,,0.198,0.902,0.173,0.531,0.158,0.206,,2018
594,Kenya,,124,4.41,,,,0.493,1.048,0.454,0.504,0.055,0.352,,2018
595,Zambia,,125,4.377,,,,0.562,1.047,0.295,0.503,0.082,0.221,,2018
596,Mauritania,,126,4.356,,,,0.557,1.245,0.292,0.129,0.093,0.134,,2018
597,Ethiopia,,127,4.35,,,,0.308,0.95,0.391,0.452,0.146,0.22,,2018
598,Georgia,,128,4.34,,,,0.853,0.592,0.643,0.375,0.215,0.038,,2018
599,Armenia,,129,4.321,,,,0.816,0.99,0.666,0.26,0.028,0.077,,2018
600,Myanmar,,130,4.308,,,,0.682,1.174,0.429,0.58,0.178,0.598,,2018
601,Chad,,131,4.301,,,,0.358,0.907,0.053,0.189,0.06,0.181,,2018
602,Congo (Kinshasa),,132,4.245,,,,0.069,1.136,0.204,0.312,0.052,0.197,,2018
603,India,,133,4.19,,,,0.721,0.747,0.485,0.539,0.093,0.172,,2018
604,Niger,,134,4.166,,,,0.131,0.867,0.221,0.39,0.099,0.175,,2018
605,Uganda,,135,4.161,,,,0.322,1.09,0.237,0.45,0.061,0.259,,2018
606,Benin,,136,4.141,,,,0.378,0.372,0.24,0.44,0.067,0.163,,2018
607,Sudan,,137,4.139,,,,0.605,1.24,0.312,0.016,0.082,0.134,,2018
608,Ukraine,,138,4.103,,,,0.793,1.413,0.609,0.163,0.011,0.187,,2018
609,Togo,,139,3.999,,,,0.259,0.474,0.253,0.434,0.101,0.158,,2018
610,Guinea,,140,3.964,,,,0.344,0.792,0.211,0.394,0.094,0.185,,2018
611,Lesotho,,141,3.808,,,,0.472,1.215,0.079,0.423,0.112,0.116,,2018
612,Angola,,142,3.795,,,,0.73,1.125,0.269,0,0.061,0.079,,2018
613,Madagascar,,143,3.774,,,,0.262,0.908,0.402,0.221,0.049,0.155,,2018
614,Zimbabwe,,144,3.692,,,,0.357,1.094,0.248,0.406,0.099,0.132,,2018
615,Afghanistan,,145,3.632,,,,0.332,0.537,0.255,0.085,0.036,0.191,,2018
616,Botswana,,146,3.59,,,,1.017,1.174,0.417,0.557,0.092,0.042,,2018
617,Malawi,,147,3.587,,,,0.186,0.541,0.306,0.531,0.08,0.21,,2018
618,Haiti,,148,3.582,,,,0.315,0.714,0.289,0.025,0.104,0.392,,2018
619,Liberia,,149,3.495,,,,0.076,0.858,0.267,0.419,0.03,0.206,,2018
620,Syria,,150,3.462,,,,0.689,0.382,0.539,0.088,0.144,0.376,,2018
621,Rwanda,,151,3.408,,,,0.332,0.896,0.4,0.636,0.444,0.2,,2018
622,Yemen,,152,3.355,,,,0.442,1.073,0.343,0.244,0.064,0.083,,2018
623,Tanzania,,153,3.303,,,,0.455,0.991,0.381,0.481,0.097,0.27,,2018
624,South Sudan,,154,3.254,,,,0.337,0.608,0.177,0.112,0.106,0.224,,2018
625,Central African Republic,,155,3.083,,,,0.024,0,0.01,0.305,0.038,0.218,,2018
626,Burundi,,156,2.905,,,,0.091,0.627,0.145,0.065,0.076,0.149,,2018
627,Finland,,1,7.769,,,,1.34,1.587,0.986,0.596,0.393,0.153,,2019
628,Denmark,,2,7.6,,,,1.383,1.573,0.996,0.592,0.41,0.252,,2019
629,Norway,,3,7.554,,,,1.488,1.582,1.028,0.603,0.341,0.271,,2019
630,Iceland,,4,7.494,,,,1.38,1.624,1.026,0.591,0.118,0.354,,2019
631,Netherlands,,5,7.488,,,,1.396,1.522,0.999,0.557,0.298,0.322,,2019
632,Switzerland,,6,7.48,,,,1.452,1.526,1.052,0.572,0.343,0.263,,2019
633,Sweden,,7,7.343,,,,1.387,1.487,1.009,0.574,0.373,0.267,,2019
634,New Zealand,,8,7.307,,,,1.303,1.557,1.026,0.585,0.38,0.33,,2019
635,Canada,,9,7.278,,,,1.365,1.505,1.039,0.584,0.308,0.285,,2019
636,Austria,,10,7.246,,,,1.376,1.475,1.016,0.532,0.226,0.244,,2019
637,Australia,,11,7.228,,,,1.372,1.548,1.036,0.557,0.29,0.332,,2019
638,Costa Rica,,12,7.167,,,,1.034,1.441,0.963,0.558,0.093,0.144,,2019
639,Israel,,13,7.139,,,,1.276,1.455,1.029,0.371,0.082,0.261,,2019
640,Luxembourg,,14,7.09,,,,1.609,1.479,1.012,0.526,0.316,0.194,,2019
641,United Kingdom,,15,7.054,,,,1.333,1.538,0.996,0.45,0.278,0.348,,2019
642,Ireland,,16,7.021,,,,1.499,1.553,0.999,0.516,0.31,0.298,,2019
643,Germany,,17,6.985,,,,1.373,1.454,0.987,0.495,0.265,0.261,,2019
644,Belgium,,18,6.923,,,,1.356,1.504,0.986,0.473,0.21,0.16,,2019
645,United States,,19,6.892,,,,1.433,1.457,0.874,0.454,0.128,0.28,,2019
646,Czech Republic,,20,6.852,,,,1.269,1.487,0.92,0.457,0.036,0.046,,2019
647,United Arab Emirates,,21,6.825,,,,1.503,1.31,0.825,0.598,0.182,0.262,,2019
648,Malta,,22,6.726,,,,1.3,1.52,0.999,0.564,0.151,0.375,,2019
649,Mexico,,23,6.595,,,,1.07,1.323,0.861,0.433,0.073,0.074,,2019
650,France,,24,6.592,,,,1.324,1.472,1.045,0.436,0.183,0.111,,2019
651,Taiwan,,25,6.446,,,,1.368,1.43,0.914,0.351,0.097,0.242,,2019
652,Chile,,26,6.444,,,,1.159,1.369,0.92,0.357,0.056,0.187,,2019
653,Guatemala,,27,6.436,,,,0.8,1.269,0.746,0.535,0.078,0.175,,2019
654,Saudi Arabia,,28,6.375,,,,1.403,1.357,0.795,0.439,0.132,0.08,,2019
655,Qatar,,29,6.374,,,,1.684,1.313,0.871,0.555,0.167,0.22,,2019
656,Spain,,30,6.354,,,,1.286,1.484,1.062,0.362,0.079,0.153,,2019
657,Panama,,31,6.321,,,,1.149,1.442,0.91,0.516,0.054,0.109,,2019
658,Brazil,,32,6.3,,,,1.004,1.439,0.802,0.39,0.086,0.099,,2019
659,Uruguay,,33,6.293,,,,1.124,1.465,0.891,0.523,0.15,0.127,,2019
660,Singapore,,34,6.262,,,,1.572,1.463,1.141,0.556,0.453,0.271,,2019
661,El Salvador,,35,6.253,,,,0.794,1.242,0.789,0.43,0.074,0.093,,2019
662,Italy,,36,6.223,,,,1.294,1.488,1.039,0.231,0.03,0.158,,2019
663,Bahrain,,37,6.199,,,,1.362,1.368,0.871,0.536,0.11,0.255,,2019
664,Slovakia,,38,6.198,,,,1.246,1.504,0.881,0.334,0.014,0.121,,2019
665,Trinidad & Tobago,,39,6.192,,,,1.231,1.477,0.713,0.489,0.016,0.185,,2019
666,Poland,,40,6.182,,,,1.206,1.438,0.884,0.483,0.05,0.117,,2019
667,Uzbekistan,,41,6.174,,,,0.745,1.529,0.756,0.631,0.24,0.322,,2019
668,Lithuania,,42,6.149,,,,1.238,1.515,0.818,0.291,0.042,0.043,,2019
669,Colombia,,43,6.125,,,,0.985,1.41,0.841,0.47,0.034,0.099,,2019
670,Slovenia,,44,6.118,,,,1.258,1.523,0.953,0.564,0.057,0.144,,2019
671,Nicaragua,,45,6.105,,,,0.694,1.325,0.835,0.435,0.127,0.2,,2019
672,Kosovo,,46,6.1,,,,0.882,1.232,0.758,0.489,0.006,0.262,,2019
673,Argentina,,47,6.086,,,,1.092,1.432,0.881,0.471,0.05,0.066,,2019
674,Romania,,48,6.07,,,,1.162,1.232,0.825,0.462,0.005,0.083,,2019
675,Cyprus,,49,6.046,,,,1.263,1.223,1.042,0.406,0.041,0.19,,2019
676,Ecuador,,50,6.028,,,,0.912,1.312,0.868,0.498,0.087,0.126,,2019
677,Kuwait,,51,6.021,,,,1.5,1.319,0.808,0.493,0.097,0.142,,2019
678,Thailand,,52,6.008,,,,1.05,1.409,0.828,0.557,0.028,0.359,,2019
679,Latvia,,53,5.94,,,,1.187,1.465,0.812,0.264,0.064,0.075,,2019
680,South Korea,,54,5.895,,,,1.301,1.219,1.036,0.159,0.056,0.175,,2019
681,Estonia,,55,5.893,,,,1.237,1.528,0.874,0.495,0.161,0.103,,2019
682,Jamaica,,56,5.89,,,,0.831,1.478,0.831,0.49,0.028,0.107,,2019
683,Mauritius,,57,5.888,,,,1.12,1.402,0.798,0.498,0.06,0.215,,2019
684,Japan,,58,5.886,,,,1.327,1.419,1.088,0.445,0.14,0.069,,2019
685,Honduras,,59,5.86,,,,0.642,1.236,0.828,0.507,0.078,0.246,,2019
686,Kazakhstan,,60,5.809,,,,1.173,1.508,0.729,0.41,0.096,0.146,,2019
687,Bolivia,,61,5.779,,,,0.776,1.209,0.706,0.511,0.064,0.137,,2019
688,Hungary,,62,5.758,,,,1.201,1.41,0.828,0.199,0.02,0.081,,2019
689,Paraguay,,63,5.743,,,,0.855,1.475,0.777,0.514,0.08,0.184,,2019
690,Northern Cyprus,,64,5.718,,,,1.263,1.252,1.042,0.417,0.162,0.191,,2019
691,Peru,,65,5.697,,,,0.96,1.274,0.854,0.455,0.027,0.083,,2019
692,Portugal,,66,5.693,,,,1.221,1.431,0.999,0.508,0.025,0.047,,2019
693,Pakistan,,67,5.653,,,,0.677,0.886,0.535,0.313,0.098,0.22,,2019
694,Russia,,68,5.648,,,,1.183,1.452,0.726,0.334,0.031,0.082,,2019
695,Philippines,,69,5.631,,,,0.807,1.293,0.657,0.558,0.107,0.117,,2019
696,Serbia,,70,5.603,,,,1.004,1.383,0.854,0.282,0.039,0.137,,2019
697,Moldova,,71,5.529,,,,0.685,1.328,0.739,0.245,0,0.181,,2019
698,Libya,,72,5.525,,,,1.044,1.303,0.673,0.416,0.152,0.133,,2019
699,Montenegro,,73,5.523,,,,1.051,1.361,0.871,0.197,0.08,0.142,,2019
700,Tajikistan,,74,5.467,,,,0.493,1.098,0.718,0.389,0.144,0.23,,2019
701,Croatia,,75,5.432,,,,1.155,1.266,0.914,0.296,0.022,0.119,,2019
702,Hong Kong,,76,5.43,,,,1.438,1.277,1.122,0.44,0.287,0.258,,2019
703,Dominican Republic,,77,5.425,,,,1.015,1.401,0.779,0.497,0.101,0.113,,2019
704,Bosnia and Herzegovina,,78,5.386,,,,0.945,1.212,0.845,0.212,0.006,0.263,,2019
705,Turkey,,79,5.373,,,,1.183,1.36,0.808,0.195,0.106,0.083,,2019
706,Malaysia,,80,5.339,,,,1.221,1.171,0.828,0.508,0.024,0.26,,2019
707,Belarus,,81,5.323,,,,1.067,1.465,0.789,0.235,0.142,0.094,,2019
708,Greece,,82,5.287,,,,1.181,1.156,0.999,0.067,0.034,0,,2019
709,Mongolia,,83,5.285,,,,0.948,1.531,0.667,0.317,0.038,0.235,,2019
710,North Macedonia,,84,5.274,,,,0.983,1.294,0.838,0.345,0.034,0.185,,2019
711,Nigeria,,85,5.265,,,,0.696,1.111,0.245,0.426,0.041,0.215,,2019
712,Kyrgyzstan,,86,5.261,,,,0.551,1.438,0.723,0.508,0.023,0.3,,2019
713,Turkmenistan,,87,5.247,,,,1.052,1.538,0.657,0.394,0.028,0.244,,2019
714,Algeria,,88,5.211,,,,1.002,1.16,0.785,0.086,0.114,0.073,,2019
715,Morocco,,89,5.208,,,,0.801,0.782,0.782,0.418,0.076,0.036,,2019
716,Azerbaijan,,90,5.208,,,,1.043,1.147,0.769,0.351,0.182,0.035,,2019
717,Lebanon,,91,5.197,,,,0.987,1.224,0.815,0.216,0.027,0.166,,2019
718,Indonesia,,92,5.192,,,,0.931,1.203,0.66,0.491,0.028,0.498,,2019
719,China,,93,5.191,,,,1.029,1.125,0.893,0.521,0.1,0.058,,2019
720,Vietnam,,94,5.175,,,,0.741,1.346,0.851,0.543,0.073,0.147,,2019
721,Bhutan,,95,5.082,,,,0.813,1.321,0.604,0.457,0.167,0.37,,2019
722,Cameroon,,96,5.044,,,,0.549,0.91,0.331,0.381,0.037,0.187,,2019
723,Bulgaria,,97,5.011,,,,1.092,1.513,0.815,0.311,0.004,0.081,,2019
724,Ghana,,98,4.996,,,,0.611,0.868,0.486,0.381,0.04,0.245,,2019
725,Ivory Coast,,99,4.944,,,,0.569,0.808,0.232,0.352,0.09,0.154,,2019
726,Nepal,,100,4.913,,,,0.446,1.226,0.677,0.439,0.089,0.285,,2019
727,Jordan,,101,4.906,,,,0.837,1.225,0.815,0.383,0.13,0.11,,2019
728,Benin,,102,4.883,,,,0.393,0.437,0.397,0.349,0.082,0.175,,2019
729,Congo (Brazzaville),,103,4.812,,,,0.673,0.799,0.508,0.372,0.093,0.105,,2019
730,Gabon,,104,4.799,,,,1.057,1.183,0.571,0.295,0.055,0.043,,2019
731,Laos,,105,4.796,,,,0.764,1.03,0.551,0.547,0.164,0.266,,2019
732,South Africa,,106,4.722,,,,0.96,1.351,0.469,0.389,0.055,0.13,,2019
733,Albania,,107,4.719,,,,0.947,0.848,0.874,0.383,0.027,0.178,,2019
734,Venezuela,,108,4.707,,,,0.96,1.427,0.805,0.154,0.047,0.064,,2019
735,Cambodia,,109,4.7,,,,0.574,1.122,0.637,0.609,0.062,0.232,,2019
736,Palestinian Territories,,110,4.696,,,,0.657,1.247,0.672,0.225,0.066,0.103,,2019
737,Senegal,,111,4.681,,,,0.45,1.134,0.571,0.292,0.072,0.153,,2019
738,Somalia,,112,4.668,,,,0,0.698,0.268,0.559,0.27,0.243,,2019
739,Namibia,,113,4.639,,,,0.879,1.313,0.477,0.401,0.056,0.07,,2019
740,Niger,,114,4.628,,,,0.138,0.774,0.366,0.318,0.102,0.188,,2019
741,Burkina Faso,,115,4.587,,,,0.331,1.056,0.38,0.255,0.113,0.177,,2019
742,Armenia,,116,4.559,,,,0.85,1.055,0.815,0.283,0.064,0.095,,2019
743,Iran,,117,4.548,,,,1.1,0.842,0.785,0.305,0.125,0.27,,2019
744,Guinea,,118,4.534,,,,0.38,0.829,0.375,0.332,0.086,0.207,,2019
745,Georgia,,119,4.519,,,,0.886,0.666,0.752,0.346,0.164,0.043,,2019
746,Gambia,,120,4.516,,,,0.308,0.939,0.428,0.382,0.167,0.269,,2019
747,Kenya,,121,4.509,,,,0.512,0.983,0.581,0.431,0.053,0.372,,2019
748,Mauritania,,122,4.49,,,,0.57,1.167,0.489,0.066,0.088,0.106,,2019
749,Mozambique,,123,4.466,,,,0.204,0.986,0.39,0.494,0.138,0.197,,2019
750,Tunisia,,124,4.461,,,,0.921,1,0.815,0.167,0.055,0.059,,2019
751,Bangladesh,,125,4.456,,,,0.562,0.928,0.723,0.527,0.143,0.166,,2019
752,Iraq,,126,4.437,,,,1.043,0.98,0.574,0.241,0.089,0.148,,2019
753,Congo (Kinshasa),,127,4.418,,,,0.094,1.125,0.357,0.269,0.053,0.212,,2019
754,Mali,,128,4.39,,,,0.385,1.105,0.308,0.327,0.052,0.153,,2019
755,Sierra Leone,,129,4.374,,,,0.268,0.841,0.242,0.309,0.045,0.252,,2019
756,Sri Lanka,,130,4.366,,,,0.949,1.265,0.831,0.47,0.047,0.244,,2019
757,Myanmar,,131,4.36,,,,0.71,1.181,0.555,0.525,0.172,0.566,,2019
758,Chad,,132,4.35,,,,0.35,0.766,0.192,0.174,0.078,0.198,,2019
759,Ukraine,,133,4.332,,,,0.82,1.39,0.739,0.178,0.01,0.187,,2019
760,Ethiopia,,134,4.286,,,,0.336,1.033,0.532,0.344,0.1,0.209,,2019
761,Swaziland,,135,4.212,,,,0.811,1.149,0,0.313,0.135,0.074,,2019
762,Uganda,,136,4.189,,,,0.332,1.069,0.443,0.356,0.06,0.252,,2019
763,Egypt,,137,4.166,,,,0.913,1.039,0.644,0.241,0.067,0.076,,2019
764,Zambia,,138,4.107,,,,0.578,1.058,0.426,0.431,0.087,0.247,,2019
765,Togo,,139,4.085,,,,0.275,0.572,0.41,0.293,0.085,0.177,,2019
766,India,,140,4.015,,,,0.755,0.765,0.588,0.498,0.085,0.2,,2019
767,Liberia,,141,3.975,,,,0.073,0.922,0.443,0.37,0.033,0.233,,2019
768,Comoros,,142,3.973,,,,0.274,0.757,0.505,0.142,0.078,0.275,,2019
769,Madagascar,,143,3.933,,,,0.274,0.916,0.555,0.148,0.041,0.169,,2019
770,Lesotho,,144,3.802,,,,0.489,1.169,0.168,0.359,0.093,0.107,,2019
771,Burundi,,145,3.775,,,,0.046,0.447,0.38,0.22,0.18,0.176,,2019
772,Zimbabwe,,146,3.663,,,,0.366,1.114,0.433,0.361,0.089,0.151,,2019
773,Haiti,,147,3.597,,,,0.323,0.688,0.449,0.026,0.11,0.419,,2019
774,Botswana,,148,3.488,,,,1.041,1.145,0.538,0.455,0.1,0.025,,2019
775,Syria,,149,3.462,,,,0.619,0.378,0.44,0.013,0.141,0.331,,2019
776,Malawi,,150,3.41,,,,0.191,0.56,0.495,0.443,0.089,0.218,,2019
777,Yemen,,151,3.38,,,,0.287,1.163,0.463,0.143,0.077,0.108,,2019
778,Rwanda,,152,3.334,,,,0.359,0.711,0.614,0.555,0.411,0.217,,2019
779,Tanzania,,153,3.231,,,,0.476,0.885,0.499,0.417,0.147,0.276,,2019
780,Afghanistan,,154,3.203,,,,0.35,0.517,0.361,0,0.025,0.158,,2019
781,Central African Republic,,155,3.083,,,,0.026,0,0.105,0.225,0.035,0.235,,2019
782,South Sudan,,156,2.853,,,,0.306,0.575,0.295,0.01,0.091,0.202,,2019
